Team,Opposing_Team,Pitch_Speed,Pitch_Type,Exit_Velocity,Launch_Angle,Distance
ATH,CIN,91.9,4,114.6,30,493
LAA,COL,97.8,Sinker,114.9,25,485
LAA,SF,76.2,Curveball,115.4,26,484
MIN,TEX,89.9,Slider,111.6,25,479
AZ,COL,94.4,4,106.7,29,474
ATH,SF,90.5,Sinker,108.5,25,471
DET,ATH,85.7,Slider,110.7,30,471
PIT,BOS,94.2,Cutter,111.7,36,471
LAA,ATH,82.2,Changeup,108.1,34,470
NYY,KC,94.3,4,117.9,31,469
ATL,KC,88.6,4,110,30,468
NYY,BOS,92.5,4,112.6,32,468
NYY,MIL,88.2,Cutter,115,30,468
PHI,MIA,89,4,116.5,24,468
TOR,COL,85.7,Changeup,108.3,33,467
TB,BAL,93.3,4,111.1,31,467
COL,AZ,84.8,Changeup,112,30,467
ATL,SD,93.1,4,115.5,23,467
AZ,WSH,84.5,Split-Finger,111.7,25,466
PHI,COL,91.5,Sinker,109.3,31,466
KC,PIT,93.1,4,110.8,27,466
CHC,COL,94.2,4,109,27,466
MIL,COL,92.5,Split-Finger,110.6,25,465
CWS,COL,92.1,4,108.7,25,464
ATL,WSH,92.4,4,111.6,26,464
PIT,LAA,88.1,Slider,116.6,28,463
BOS,ATH,92.2,4,109.9,33,463
PHI,ATL,93.1,4,116.7,24,462
BAL,ATL,91.7,4,108.7,28,461
ATL,SEA,84,Split-Finger,111.5,28,459
MIN,BAL,92.4,4,109,26,458
TB,ATH,90,Changeup,106.1,30,458
AZ,CHC,96.3,4,103.4,32,458
PIT,KC,78.4,Curveball,115.6,30,458
COL,CIN,89.6,Slider,107.4,30,457
BOS,COL,80.3,Curveball,111.1,26,457
KC,ATH,95.9,4,112.7,27,456
NYM,COL,85.5,Knuckle Curve,110.3,35,456
SEA,TEX,96.8,4,114.1,27,456
KC,MIN,86.5,Slider,108.7,30,456
PHI,WSH,84.7,Slider,109.3,30,456
ATL,NYY,82.1,Changeup,113.7,23,456
BAL,ATH,92.7,Cutter,112.4,32,455
NYM,WSH,96.7,4,114.8,24,455
AZ,LAD,94.1,Sinker,107.6,30,455
ATL,PHI,86,Slider,114.4,26,455
CWS,MIN,94.1,4,111.6,31,454
LAA,BOS,95.4,4,112.1,28,454
LAA,KC,80.8,Curveball,110.8,30,454
LAD,SF,92.1,Sinker,114.8,25,454
TOR,COL,52.7,Eephus,106.2,34,454
LAD,COL,87.5,4,106.3,28,453
MIA,BOS,96.5,4,110.9,22,453
AZ,SF,95.9,Sinker,109.4,30,453
NYM,PHI,89.6,Split-Finger,111.3,26,452
ATL,ATH,86.9,Cutter,105.8,34,452
COL,AZ,81.8,Knuckle Curve,107,24,452
CWS,CLE,89.8,Cutter,114.5,27,452
SF,COL,92.8,4,106.6,34,452
CHC,MIL,85.5,Cutter,111.5,26,452
COL,MIA,91.1,4,104.4,33,452
LAA,CIN,98.9,4,115.3,20,452
MIN,WSH,93.1,4,111.7,31,452
SD,COL,83.7,Changeup,103,29,452
WSH,LAD,94.2,Sinker,113.1,27,451
ATL,MIL,98.9,4,112.5,24,451
NYY,WSH,89.2,Slider,112.7,28,451
CIN,MIL,93.4,4,111.4,29,451
PIT,COL,81.2,Curveball,114.7,22,451
HOU,COL,90.4,4,107.6,33,451
ATL,PIT,95.5,4,108.5,34,451
ATL,PHI,88.2,Sinker,107.5,29,451
WSH,MIA,97.6,4,113,25,451
KC,CWS,83.4,Sweeper,107.7,28,451
LAD,COL,97.7,4,107.1,25,451
COL,PIT,81.2,Sweeper,112,29,451
CWS,DET,92.6,Sinker,109.8,27,451
NYY,BAL,84.3,Changeup,112.2,30,451
SD,COL,82.7,Changeup,106.2,27,451
MIN,KC,83.8,Slider,108.2,27,451
MIN,COL,84.7,Slider,108.4,27,451
TOR,COL,83.9,Changeup,106.9,28,451
CIN,KC,93.9,4,112.5,25,451
NYY,MIL,90.6,4,108.3,29,451
DET,PIT,86.3,Cutter,109,29,451
SEA,AZ,95.7,4,115.9,25,450
CLE,MIN,85.9,Changeup,115.3,23,450
COL,STL,90.8,Cutter,106.5,31,450
NYM,COL,93.5,Cutter,109.2,28,450
PHI,ATL,80.5,Curveball,111.7,25,450
ATH,DET,98.5,Sinker,110.5,27,450
DET,COL,86,Slider,109.2,29,450
SF,COL,93.5,4,105.3,26,450
TOR,HOU,95,4,114,27,450
SEA,CWS,89.1,Cutter,107.3,28,450
KC,TEX,90.9,Cutter,108.2,27,449
COL,AZ,95.4,4,108.6,27,449
AZ,COL,80.5,Split-Finger,107.2,27,449
KC,CLE,82.8,Sweeper,110.2,30,449
AZ,COL,78,Split-Finger,106.7,25,449
WSH,SEA,87.2,Cutter,112.8,27,448
KC,STL,94.1,4,108.5,24,448
SEA,ATH,91.7,4,110.9,32,448
PHI,SEA,86.5,Changeup,112.3,27,448
COL,MIN,94.8,4,108.8,30,448
LAA,ATL,87.6,Cutter,111.5,31,448
ATH,TEX,87.6,Changeup,109.4,28,448
TOR,ATH,88,Cutter,107.9,23,448
TOR,AZ,92.8,4,112.1,28,448
COL,MIN,93.5,4,107.6,34,448
MIL,AZ,88.5,Slider,110,25,448
LAD,MIL,90,Changeup,113.9,28,448
LAD,COL,85.1,Knuckle Curve,111,32,448
MIN,CIN,92.5,Sinker,108.3,28,448
SEA,KC,93.5,Sinker,108.2,30,447
ATH,HOU,84.2,Slider,111.7,33,447
COL,SD,96.8,4,106,26,447
ATH,LAA,95.9,4,110.7,32,447
NYM,LAD,92.9,Sinker,112.1,31,447
NYY,MIN,85.5,Slider,113.9,30,447
MIA,WSH,85.4,Split-Finger,109.9,32,447
LAA,AZ,94.9,4,106.9,36,447
MIN,TEX,91.5,Slider,110.4,23,447
TB,LAA,78.8,Changeup,108.7,31,447
NYY,LAD,89.7,Slider,113,30,446
MIN,CHC,82.8,Sweeper,105.9,27,446
ATL,MIN,93.3,4,108.9,27,446
PIT,COL,95.8,4,110.2,20,446
BOS,TOR,90.9,Cutter,108.9,32,446
MIN,CWS,85.3,Slider,111.7,30,446
BOS,MIN,93.9,4,108.9,26,446
MIA,COL,91.2,4,103.8,30,446
HOU,ATL,94.8,4,108.1,29,446
ATH,ATL,84.3,Slider,108.5,25,445
LAA,SEA,84.1,Slider,109.1,27,445
LAD,COL,95.9,4,109.7,27,445
SEA,HOU,92.6,4,110.5,24,445
AZ,ATL,86.4,Changeup,109.3,30,445
NYM,SD,82.9,Sweeper,108.5,24,445
NYY,CLE,81.8,Curveball,107.9,27,445
WSH,PIT,94.1,4,112.6,29,445
TOR,MIN,89.6,4,111.6,30,445
BAL,ATL,82.6,Curveball,107,33,445
CHC,ATH,94.5,Sinker,111.7,22,445
WSH,ATL,92.1,Sinker,111.6,29,445
PHI,ATL,91.9,Sinker,110.2,26,445
AZ,TEX,79.8,Sweeper,111.7,25,445
MIL,COL,83.6,Sweeper,104.9,32,444
ATL,WSH,94.7,4,107.8,29,444
KC,PIT,92,4,110.4,25,444
NYY,SEA,88.7,Slider,117.7,19,444
PHI,TEX,93,Cutter,115.4,28,444
ATL,TOR,88.9,Slider,110.2,34,444
PHI,COL,93.2,4,109.8,30,444
PHI,MIL,78,Curveball,108.1,30,444
CIN,STL,93.1,4,108.9,29,444
AZ,SD,93.3,4,110,22,443
MIL,TEX,94.1,4,109.2,26,443
COL,HOU,95.3,Sinker,106.8,31,443
HOU,SEA,87.8,Slider,109.9,29,443
NYM,STL,85.4,Slider,113.4,25,443
ATL,AZ,91.8,Cutter,110.4,32,443
ATL,WSH,93.5,Sinker,111.4,22,443
MIA,SF,88.3,Slider,109.7,30,443
NYY,BOS,99.6,4,115.5,29,443
AZ,ATL,84.5,Slider,106.5,30,443
LAA,SEA,95.9,4,110.9,25,443
STL,AZ,95,4,107.4,27,443
AZ,LAD,84.5,Slider,113,22,443
MIN,NYY,97.5,4,110.5,28,443
LAA,HOU,91.7,4,111,27,443
STL,COL,89.5,4,110,35,443
SF,PIT,90.4,4,111.4,27,442
SEA,MIN,83,Changeup,112,23,442
ATL,NYY,88.4,Cutter,110.7,32,442
PIT,WSH,80.3,Slider,114.5,21,442
BOS,ATL,97.8,4,108.3,29,442
PHI,ATL,88.9,Cutter,107.3,32,442
CHC,PHI,94.9,4,106.4,32,442
COL,STL,87.7,Changeup,112.2,27,442
NYY,TB,92.8,Sinker,109.8,27,442
AZ,LAD,84.3,Slider,109.3,28,442
NYY,MIL,90.6,4,109.5,25,442
PIT,MIL,94.4,4,117.9,20,442
COL,LAD,83.3,Split-Finger,104.3,31,442
KC,DET,82.2,Slurve,112.3,27,442
TEX,TB,87.2,Changeup,107.3,24,442
MIL,AZ,86.2,Sweeper,110.2,25,441
NYM,PHI,96.6,4,106.4,30,441
PHI,CWS,83.5,Sweeper,114.9,29,441
CIN,CLE,86.6,Cutter,108.6,32,441
CWS,TOR,79.9,Sweeper,114.2,28,441
LAD,MIN,86.6,Changeup,113.4,26,441
CHC,COL,87.2,Slider,104.4,30,441
SD,COL,84.7,Slider,107.6,28,441
AZ,TEX,83.6,Changeup,111.7,34,441
LAD,MIN,79,Curveball,110.3,34,441
SEA,ATL,97.3,4,113.5,21,441
PHI,MIA,95.8,4,106.7,27,441
COL,ATL,85.8,Changeup,110.2,29,441
TEX,HOU,88.9,4,113.2,29,441
MIL,PIT,88.4,Slider,109.4,28,441
ATL,STL,95,4,108.9,29,440
CHC,AZ,88.5,Sinker,108.9,23,440
CWS,CLE,96.7,4,111.2,27,440
MIL,DET,90.9,4,107.3,28,440
ATH,LAA,78.1,Changeup,109.4,27,440
PHI,SEA,83.8,Sweeper,112.9,31,440
MIA,SF,90.7,Slider,110.4,30,440
SEA,CHC,93.8,4,105,36,440
SEA,DET,87.1,Changeup,109.6,30,440
BOS,KC,91.8,4,110.4,29,440
AZ,MIN,92,4,110.6,30,440
SD,TEX,96.6,4,109.6,30,440
PIT,STL,93.7,4,110.4,28,440
CLE,NYM,83.8,Changeup,112.3,25,440
SEA,AZ,93.4,Sinker,107.8,23,440
LAA,NYY,78,Changeup,106.1,28,440
COL,SF,87.5,Slider,108.9,34,440
SEA,PIT,92,4,114.7,31,440
NYY,TOR,84.9,Sweeper,112,27,440
MIN,LAA,89.9,Cutter,108.3,27,440
LAA,ATH,94.9,4,108.7,32,439
PHI,ATL,90.2,Cutter,111.6,23,439
HOU,ATH,84.9,Slider,109.2,23,439
CIN,PIT,82.4,Slider,105.6,30,439
PHI,BOS,94.1,4,110.8,26,439
BAL,HOU,96.1,4,108.4,29,439
MIA,STL,83,Changeup,106.8,26,439
SD,COL,93.8,4,105.3,30,439
SF,COL,89.3,4,108.8,26,439
HOU,COL,92.1,4,112,24,439
COL,SD,81.9,Sweeper,107.9,24,439
KC,TEX,85.8,Slider,110.2,27,439
TOR,TEX,88,Split-Finger,110.3,28,439
CIN,BOS,95.2,4,109.1,30,439
TOR,ATH,78.6,Changeup,104.3,35,439
CWS,ATL,92.3,4,104.9,32,439
BOS,COL,87.9,Split-Finger,111.4,26,439
MIL,CIN,81.4,Slider,110.9,31,439
TB,BAL,80.6,Curveball,114.6,20,439
COL,LAD,94.8,4,105.4,35,439
SF,COL,87.2,Knuckle Curve,109.8,24,439
MIN,COL,95.8,Sinker,105.7,26,439
AZ,SD,103.9,4,107.1,29,439
NYM,LAA,93.4,4,112,26,439
LAA,CWS,95.8,4,108.9,28,438
AZ,ATL,95.2,4,106.1,29,438
TB,MIA,96.4,4,113.5,26,438
AZ,COL,80.8,Cutter,101.9,29,438
LAD,AZ,90.4,Cutter,109.5,32,438
ATL,NYY,80,Curveball,108.5,26,438
SF,MIA,82.8,Curveball,110.7,27,438
PHI,ATL,88,Curveball,111.7,28,438
WSH,NYM,88.4,Changeup,110.6,29,438
AZ,CHC,99.1,4,109.7,25,438
SEA,COL,93.1,4,110.9,33,438
ATH,DET,88.3,Sinker,108.1,29,438
SD,COL,94.9,4,110.9,23,438
SEA,ATH,82,Slider,113.3,33,438
ATL,STL,85.4,Slider,107.3,30,437
NYM,SD,93.3,Sinker,113,33,437
MIL,CIN,83.7,Changeup,108.2,25,437
SD,AZ,86.1,Sweeper,109.6,28,437
ATL,CWS,95.3,Sinker,108.9,26,437
MIN,TEX,91.8,Cutter,110.2,23,437
PHI,NYM,87.8,Cutter,110.4,24,437
NYM,PHI,84.5,Curveball,109.5,34,437
AZ,SD,93.4,4,108.1,31,437
TOR,KC,88.4,Cutter,106.2,22,437
COL,CIN,85.6,Slurve,107.2,28,437
AZ,COL,86.1,Split-Finger,107.9,29,437
DET,MIN,94.3,Sinker,109.5,32,437
MIL,PIT,98.3,4,107.8,25,437
SEA,TEX,95.3,Sinker,108.7,31,437
PHI,COL,82.8,Cutter,108,24,437
MIN,DET,87.5,Split-Finger,109.7,27,437
TEX,LAA,57.4,Eephus,108.5,35,437
DET,ATL,84.4,Curveball,104.3,33,436
COL,STL,92,Sinker,110,32,436
CIN,TEX,93.6,4,110.2,29,436
COL,DET,91.6,Slider,110.9,30,436
WSH,ATL,88.7,Slider,109.2,29,436
BAL,TOR,87.9,Changeup,105.8,31,436
SEA,MIN,91.2,4,109.6,24,436
CIN,KC,95.3,4,111.1,22,436
CLE,KC,86.1,Slider,111.3,34,436
HOU,KC,91.8,Sinker,110.6,30,436
NYY,BOS,97.5,4,108.6,27,436
COL,MIN,79.3,Curveball,105.1,37,436
DET,KC,87.7,Changeup,108,31,436
MIN,PHI,89.9,Sinker,107.5,29,436
ATL,WSH,97,Sinker,108.3,30,436
LAD,ATL,95.5,4,108.9,28,436
LAA,ATH,94.4,4,106.7,32,436
MIA,ATL,79.1,Curveball,112.2,22,436
AZ,CHC,87.3,Cutter,107.4,33,436
DET,PIT,89.9,Slider,113.7,27,436
LAA,NYY,82.5,Cutter,112.9,31,436
SEA,TB,99.3,4,108.6,27,436
SEA,AZ,93.2,4,109.9,31,435
SF,AZ,93,Sinker,108.5,24,435
TB,HOU,95.6,4,108.3,24,435
SF,SD,96.8,4,108.8,28,435
ATH,LAA,88.9,Changeup,107,24,435
ATH,COL,98.1,4,111,25,435
PIT,COL,95.6,4,110.6,23,435
WSH,SEA,85.2,Slider,113.3,34,435
STL,PIT,84.3,Sweeper,107.6,25,435
TOR,MIN,77.2,Sweeper,106.8,32,435
DET,KC,87.4,Slider,108.3,25,435
KC,SEA,94.4,4,106.3,30,435
ATL,CHC,91.3,4,108.1,29,435
MIL,TEX,91.1,Cutter,110.4,29,435
SD,COL,92.4,4,109.1,30,435
NYY,WSH,85.2,Slider,106.6,27,435
CIN,CWS,82.5,Sweeper,114.9,27,435
SD,WSH,95.7,4,110.6,24,435
LAD,MIN,87.4,Slider,107.5,26,435
LAA,BAL,86.9,Cutter,107.9,27,435
CIN,STL,85.3,Changeup,107.8,24,435
CIN,CHC,92.5,Sinker,105.5,27,435
PHI,DET,92.2,4,108.7,32,435
NYM,KC,88.3,Slider,106.6,30,435
NYM,DET,91.8,4,112.5,35,435
MIN,PIT,90.9,4,112.8,22,434
BAL,TOR,84,Slider,109.7,24,434
AZ,SD,96.7,4,110.3,24,434
MIN,ATL,96.7,4,109.5,25,434
TEX,LAA,56.1,Eephus,105.6,24,434
ATL,KC,77.5,Slurve,107.9,31,434
TEX,AZ,95,4,110.5,25,434
ATL,STL,82.8,Slider,106.9,28,434
MIL,ATL,94.4,4,107.8,26,434
MIN,CWS,94.1,4,106.4,28,434
LAA,CLE,91,4,106.6,26,434
BAL,SF,96.4,Sinker,110,24,434
PIT,LAA,87.2,4,115.2,23,434
BOS,COL,85,Slider,108.3,31,434
AZ,MIA,95.7,4,107.8,26,434
LAA,ATH,92.8,Cutter,109.3,32,434
TB,DET,92.2,4,113,25,434
TOR,TEX,81.1,Changeup,107.2,29,434
SEA,CWS,81.9,Sweeper,109.6,25,434
MIN,KC,92,Sinker,111,22,434
STL,CHC,93.8,Sinker,111.7,21,434
ATL,MIA,93.7,4,113.4,24,434
COL,AZ,88.9,Sinker,103.1,30,434
NYY,DET,90.7,4,114.9,32,434
NYM,CHC,91.9,4,110.5,29,434
AZ,LAA,88.2,Slider,109.9,37,434
MIA,DET,90,Cutter,105.5,28,434
MIN,DET,87.1,Split-Finger,106.9,25,434
COL,WSH,96.2,4,110.3,34,434
CHC,NYM,87.5,Changeup,108.4,30,434
CHC,SEA,81.7,Slider,103,33,434
PHI,COL,98.7,4,106.6,26,434
PHI,NYY,94.5,4,105.2,29,434
TEX,ATH,91.2,4,108,30,434
TOR,COL,90.7,4,101.8,34,434
WSH,STL,94.9,4,107,23,434
CWS,LAA,89.5,Sinker,108.5,28,433
SEA,NYY,83.6,Sweeper,110.4,23,433
ATH,TOR,93.8,4,106.2,33,433
BAL,ATH,86.2,Slider,109.6,24,433
LAD,LAA,89.6,Slider,114.9,27,433
WSH,STL,93,Sinker,115.9,23,433
TOR,MIN,89.7,4,112.7,33,433
ATL,WSH,86.5,Slider,111.3,25,433
TB,TOR,86.3,Changeup,108.8,25,433
LAA,BOS,88.2,Slider,108.1,23,433
SF,COL,86.3,Changeup,106.2,33,433
WSH,BAL,97.2,4,108.1,31,433
ATL,NYM,86,Slider,105,27,433
PIT,ATL,84.5,Slider,107.8,28,433
PHI,TOR,91.4,Sinker,106.8,26,433
ATL,MIA,96.6,Sinker,106.9,30,433
ATH,LAA,79.5,Curveball,107.5,36,433
NYY,CIN,83.3,Sweeper,108,37,433
TB,BAL,87.5,Cutter,108,27,433
CLE,MIA,79.8,Curveball,109.4,33,433
COL,PIT,85.4,Slider,107.7,31,433
BAL,LAD,98.7,4,109.3,35,433
NYY,ATH,94.6,4,108.7,33,433
LAA,TB,86.7,Knuckle Curve,107.5,26,433
COL,WSH,91.2,4,108.6,31,433
CHC,CWS,92.2,Sinker,105.7,25,433
ATH,MIN,94.5,4,108,24,433
TB,CHC,83.2,Split-Finger,107.7,24,433
LAD,MIA,92.1,Sinker,107.7,26,433
COL,MIN,95.9,4,103.3,33,433
CIN,COL,91.4,Sinker,107.3,23,433
ATL,ATH,92.6,Sinker,110.6,35,433
HOU,BOS,94.6,4,110.7,26,433
AZ,PIT,83.2,Changeup,108.8,33,433
TEX,CLE,92.9,4,110.2,26,433
STL,MIL,89.3,Sinker,108,30,433
BAL,COL,90.1,4,113.6,26,433
PIT,STL,91.7,4,110.8,27,432
TEX,DET,94.7,4,111.4,25,432
MIN,ATH,89,Sinker,107.2,22,432
LAA,SEA,96.4,Sinker,107.5,28,432
STL,TOR,95.9,4,110.7,29,432
NYM,COL,87.8,Cutter,107.3,26,432
NYY,TB,85.3,Slider,111.6,28,432
DET,BOS,92.8,Sinker,108.9,23,432
SD,CWS,93.3,4,111.7,25,432
HOU,ATH,95.2,4,106.1,34,432
TEX,MIL,93,4,108.4,27,432
PIT,AZ,95.3,Sinker,109.6,25,432
KC,DET,92.4,4,106.9,24,432
BAL,CIN,91.6,4,105,33,432
PHI,NYM,85.2,Slider,107,33,432
TOR,TB,88.5,Slider,109.3,26,432
SF,ATH,79.2,Slider,102.4,30,432
COL,SF,82.3,Slider,108.2,25,432
ATH,SEA,86.7,Slider,108.7,25,432
NYY,NYM,87.5,Slider,107.6,27,432
COL,MIL,89.7,4,106.7,29,432
SEA,TEX,86.9,Slider,110.7,33,432
SD,COL,85.7,Slider,103.1,32,432
PIT,MIL,92.2,4,122.9,23,432
NYY,MIN,93.4,Split-Finger,104.1,26,432
MIN,CIN,92.5,4,111.2,26,432
DET,TB,88,Changeup,108.1,29,432
STL,CHC,93,4,106.5,31,432
MIN,TOR,92.1,4,111.8,26,432
CHC,SEA,86.7,Slider,103.1,24,432
NYY,ATH,73,Curveball,111.9,22,431
CIN,MIA,98.6,Sinker,116.7,21,431
TB,KC,82.8,Slider,102.6,26,431
ATL,PIT,89.5,Sinker,108.4,31,431
BOS,ATH,94.4,4,106.5,29,431
COL,HOU,91.7,4,106.8,23,431
SF,LAD,85.9,Slider,108.7,27,431
KC,NYM,96.6,4,105,28,431
WSH,BAL,90.6,Sinker,116.3,25,431
MIA,KC,92.9,Sinker,110.2,23,431
PHI,CHC,96.7,4,109.6,27,431
HOU,ATH,77.6,Curveball,100.4,30,431
SEA,DET,79.7,Sweeper,108.1,24,431
MIN,DET,88.3,Changeup,105.7,27,431
WSH,MIA,88.4,Changeup,109.7,23,431
ATH,LAA,94,4,105.2,31,431
LAA,TOR,91.2,4,111.3,33,431
SEA,TEX,93,4,108.8,25,431
ATH,BAL,94.3,4,104.7,31,431
BOS,ATL,84.5,Slider,109,33,431
PHI,SEA,95.4,Sinker,108.3,25,431
HOU,ATL,92.1,Sinker,107.6,31,431
CLE,KC,81.5,Curveball,101.9,33,431
LAD,MIL,88.2,Curveball,108.4,27,431
STL,CLE,91,Sinker,108.9,31,431
SD,NYM,93.5,4,107.2,29,431
LAD,COL,96.1,4,111.2,35,431
LAA,SEA,96.1,Sinker,110.4,22,431
ATL,ATH,90.5,Cutter,108.3,36,431
LAA,ATH,80.5,Sweeper,107.2,32,431
TEX,BOS,83.8,Sweeper,108.1,29,431
COL,CWS,90.6,4,109.3,27,431
BOS,TEX,92.5,4,112.2,22,431
TEX,HOU,84.9,Slider,108.1,26,431
TEX,ATH,93,4,107.5,36,431
TB,BOS,84.6,Sweeper,106.9,30,431
ATH,TOR,96.1,4,104.8,26,431
STL,CIN,87.3,Sweeper,108.6,34,431
HOU,ATH,78.1,Sweeper,101.4,30,431
COL,AZ,92.1,4,106.2,27,431
SD,LAA,90.7,Cutter,109.2,26,430
ATL,MIA,86.5,Split-Finger,109.6,24,430
TEX,LAA,90.1,Slider,110.1,29,430
SF,COL,90.6,Sinker,112.8,21,430
LAD,PHI,90.2,Cutter,113.4,37,430
PHI,COL,93.8,4,105.3,29,430
AZ,CHC,86.5,Changeup,111.7,28,430
TOR,ATH,90.7,4,107,28,430
AZ,TB,91,Slider,107.8,29,430
KC,LAD,85.9,Sweeper,107.9,24,430
WSH,AZ,88.4,Changeup,110,31,430
BOS,KC,80.3,Slurve,107.9,32,430
STL,KC,84.9,Slider,107.3,26,430
NYY,BOS,87.3,Cutter,108,28,430
ATL,BOS,93,4,112.1,26,430
ATH,SEA,84.2,Changeup,108.7,26,430
PHI,NYM,84.3,Slider,109.4,27,430
HOU,TB,88.2,Slider,107,30,430
MIN,MIA,78.5,Curveball,108.3,33,430
SEA,TOR,94.6,4,108.5,24,430
LAA,COL,93.1,4,111.6,22,430
AZ,LAA,89,4,109.7,26,430
STL,BOS,76.5,Sweeper,109,28,430
MIN,DET,92.4,4,105.2,26,430
SF,STL,86.6,Cutter,110.5,22,430
BAL,ATH,90.9,4,103.7,31,430
LAA,SEA,87.2,Slider,107.4,28,429
ATH,KC,93.1,Sinker,105,24,429
ATH,COL,89.7,Sinker,107,26,429
LAA,DET,97.8,4,107.9,27,429
NYY,STL,92.9,Sinker,108.3,29,429
COL,MIA,86.6,Changeup,106.5,33,429
CWS,PIT,86.6,Sinker,107.2,30,429
LAD,KC,78.1,Changeup,110.4,35,429
MIL,KC,86.4,Cutter,104.6,28,429
KC,NYY,94.3,4,107.2,25,429
MIA,AZ,83.1,Split-Finger,107.9,27,429
MIN,KC,90.4,4,107.2,34,429
NYY,TB,92.3,Cutter,112.3,29,429
TEX,TB,96,Sinker,113,21,429
PHI,BAL,95.4,4,107.9,27,429
ATL,BAL,85.3,Cutter,107.8,33,429
DET,CLE,99,4,107.8,30,429
PHI,ATL,97.9,4,108.6,24,429
HOU,BAL,78.8,Curveball,111,25,429
NYY,CWS,91.1,Changeup,111,25,429
NYM,PHI,90.3,Cutter,106.2,29,429
NYY,DET,81.1,Slider,108.9,28,429
COL,ATL,93.1,4,106.1,25,429
DET,KC,91.6,Cutter,109.1,32,429
COL,CWS,96.2,Sinker,103.9,23,429
BOS,WSH,81.7,Slider,108,30,429
STL,NYY,93.6,Sinker,111,23,429
LAA,CLE,86.8,Cutter,106.9,27,429
TEX,MIA,87.2,Cutter,110.1,29,429
TB,TOR,97.7,4,109.1,24,429
LAD,STL,83.4,Slider,110.5,34,429
CIN,COL,96.9,4,107.2,27,429
CHC,COL,95.5,4,106.7,33,429
WSH,ATL,93.3,4,108.7,27,429
COL,WSH,93.9,4,106.2,26,429
WSH,BAL,90.8,Sinker,109,22,429
SEA,CIN,93.8,Sinker,106.7,29,429
DET,NYM,91.7,4,108.5,27,429
COL,MIN,89.2,Slider,106.9,25,429
KC,DET,79.1,Knuckle Curve,106.6,25,429
ATL,TOR,87.3,Changeup,105.6,29,429
CIN,BAL,88.4,Changeup,107.2,28,429
AZ,MIA,86.9,Changeup,109.3,29,429
TOR,KC,93.3,Sinker,113.9,23,428
PIT,KC,85.7,Cutter,105.9,26,428
NYM,SF,94.3,4,109.4,27,428
TB,STL,93.3,Sinker,110.5,31,428
PHI,NYM,96.4,4,107.8,36,428
WSH,COL,89.6,Split-Finger,110.2,34,428
STL,CLE,77.1,Sweeper,110.5,25,428
PHI,DET,86.8,Changeup,107.6,32,428
CWS,NYY,89.2,Changeup,113.7,31,428
STL,LAD,86.9,Slider,109.4,22,428
CLE,TB,85.8,Slider,104.1,32,428
LAA,TB,85,Changeup,107.1,27,428
AZ,PHI,80,Slider,107.1,30,428
ATL,BOS,96.2,4,106.8,27,428
WSH,COL,96.4,4,108.4,23,428
WSH,SD,86.6,Changeup,104.9,27,428
LAA,MIL,91,Sinker,107.6,24,428
NYY,NYM,94.1,Sinker,109.1,32,428
TB,ATH,93.1,4,105.7,27,428
TOR,BAL,86.8,Changeup,106.3,26,428
PIT,CHC,83.9,Split-Finger,109.8,27,428
BAL,TOR,85.6,Knuckle Curve,108.4,27,428
STL,KC,80.6,Curveball,106.8,26,428
CHC,STL,90.9,4,109.6,34,428
DET,WSH,92.2,4,104.7,32,428
KC,MIL,93.2,4,108.8,21,428
KC,STL,94.7,4,106.9,26,428
KC,DET,78.2,Knuckle Curve,106,25,428
BOS,HOU,91.2,4,106.9,29,428
KC,LAD,85.6,Sweeper,110.7,20,428
PHI,WSH,90.1,4,109,30,428
TEX,KC,93.3,4,107.5,32,428
COL,SD,95.9,4,104.8,27,428
CHC,CIN,86.4,Slider,110.2,30,428
MIA,MIL,94.3,4,103.9,30,428
TOR,ATH,84.4,Changeup,109.4,25,428
PHI,MIA,96.7,Sinker,114.8,23,428
TOR,NYY,86.6,Changeup,109.4,25,428
NYM,WSH,90.2,4,109.6,30,428
LAA,PHI,84.4,Slider,105.2,29,428
ATH,STL,92.9,4,109,31,428
LAA,SF,92.9,4,109.3,30,428
SD,HOU,84.1,Sweeper,108.7,24,427
PHI,BAL,92.5,4,110.9,35,427
SEA,DET,83.6,Slider,111.6,29,427
SD,NYM,83.6,Sweeper,108.6,24,427
CLE,STL,74.6,Curveball,105.4,24,427
MIN,PIT,79.8,Slider,106,32,427
NYM,AZ,91.9,4,110.9,33,427
CHC,ATH,94.5,4,107.5,27,427
NYY,CIN,89,Slider,107.9,31,427
ATL,SD,70.6,Sweeper,111,35,427
COL,SF,84.5,Curveball,109.3,28,427
TB,BAL,83.9,Slider,108.3,20,427
AZ,LAD,94.8,4,113.1,33,427
KC,DET,92.7,4,105,26,427
COL,SF,96.5,Cutter,103.5,30,427
PIT,KC,78.8,Slurve,106.5,30,427
SF,WSH,93.3,Sinker,105.7,27,427
ATH,LAA,96.1,Sinker,106.5,25,427
NYY,TEX,96,4,115,17,427
SEA,LAA,93.4,Sinker,105.9,27,427
TEX,LAA,81.5,Slider,107.2,24,427
NYM,PHI,92.1,4,108.9,27,427
WSH,MIL,79.3,Sweeper,108.7,27,427
BOS,CWS,81.1,Changeup,105.1,30,427
MIA,PHI,93.4,Sinker,105.9,30,427
TEX,LAA,87.5,Slider,108.8,29,427
AZ,NYM,91.6,Slider,106.8,32,427
NYM,CIN,92.6,4,105.3,25,427
NYY,BAL,93.4,4,110.2,27,427
PIT,MIL,98.8,Sinker,113.4,33,427
ATL,NYM,86.1,Sweeper,112.4,22,427
CWS,MIN,90.1,Cutter,111.3,24,427
CIN,PIT,90.1,Slider,105.7,25,427
MIN,NYY,96.6,4,110.5,26,426
LAD,AZ,81.1,Split-Finger,113,26,426
STL,CHC,97,4,102.6,29,426
WSH,NYM,91.5,Changeup,109.6,31,426
HOU,TEX,91.4,Slider,109.9,22,426
SF,DET,92.7,Sinker,111.4,24,426
DET,CIN,91.4,4,111.1,29,426
LAD,AZ,95.9,4,112.9,22,426
TB,BAL,84.8,Changeup,104.8,32,426
TOR,LAA,87.5,4,109.1,32,426
AZ,CHC,94,4,109.5,26,426
NYY,BAL,82.6,Sweeper,112.1,31,426
CWS,CLE,89.8,Cutter,109.2,25,426
ATH,KC,94,4,105.3,33,426
BAL,TOR,92.5,4,108.8,28,426
PIT,COL,87.6,4,112,23,426
LAA,HOU,96.8,4,108.4,24,426
LAA,ATH,95.5,4,104.4,24,426
ATL,LAD,85.1,Sweeper,108.5,29,426
TEX,KC,87.8,Changeup,104.6,27,426
BAL,TB,91.2,4,108.1,28,426
COL,CHC,95.5,4,106,28,426
AZ,SEA,96.8,4,106.9,25,426
WSH,COL,96.9,4,109.8,25,426
ATL,MIA,79.2,Curveball,109.3,28,426
PHI,ATH,92.4,4,104.4,32,426
TB,STL,85.4,Curveball,111.2,31,426
TEX,ATH,87.2,Slider,108,30,426
KC,PIT,84.8,Slider,107.8,29,426
LAA,TEX,91.5,Cutter,106.8,28,426
BAL,SD,87.6,Slider,109.5,29,426
MIL,PHI,84.5,Slider,107,30,426
TEX,CLE,92.5,Cutter,108.4,27,426
CWS,KC,94,4,108.6,24,426
NYY,ATH,95.5,4,107,26,426
MIA,COL,92.8,4,105.6,30,426
BAL,MIA,86.4,Sweeper,107,31,426
ATH,MIN,83.7,Changeup,107.7,21,426
BOS,LAA,89.1,Slider,112.1,26,426
PHI,MIA,81.7,Sweeper,111,28,426
PIT,BOS,94,4,114.2,25,426
NYY,CWS,87.4,Cutter,112.6,21,426
BOS,ATH,84.2,Slider,106.8,34,426
BAL,ATL,88.3,Cutter,100.3,31,426
COL,PIT,97.3,4,104.2,25,426
SEA,ATL,90,Slider,109.7,30,426
NYY,LAD,81,Curveball,107.9,35,425
KC,AZ,89.1,Slider,107.7,31,425
STL,LAD,94,4,109.1,26,425
PHI,SD,94,4,110.9,33,425
MIL,WSH,96.3,Sinker,110,21,425
SD,SF,91.1,Sinker,108.3,22,425
NYY,BAL,90.1,Sinker,109,26,425
AZ,LAD,94.3,Sinker,108.1,34,425
MIN,DET,91.1,Sinker,111.3,35,425
MIL,HOU,96,4,107.5,32,425
ATH,MIN,92,Sinker,111.3,28,425
CLE,KC,95.4,Sinker,110.3,22,425
BAL,MIN,77,Curveball,104.4,32,425
MIA,MIN,93.7,4,108.4,26,425
COL,PIT,85.7,Slider,106.1,24,425
MIN,HOU,75.3,Curveball,105,23,425
COL,KC,85.2,Changeup,106.5,31,425
NYM,PHI,92.1,Cutter,113.9,27,425
LAA,LAD,93.5,4,109.2,24,425
SEA,KC,85.8,Changeup,106.1,23,425
CWS,TOR,89.4,4,108.3,28,425
SEA,HOU,83.6,Knuckle Curve,108.5,33,425
CHC,SEA,95.9,4,103.5,34,425
NYM,MIA,95.4,4,111.4,36,425
ATH,TEX,84.6,Slider,105.1,30,425
MIA,TB,91,Cutter,107.3,32,425
ATH,TB,94.2,4,109.4,36,425
CLE,HOU,80.7,Sweeper,104.4,25,425
COL,AZ,87.5,Slider,102.6,31,425
TB,ATH,91.3,4,107.5,29,425
CWS,CHC,92.8,4,111.1,22,425
BAL,TEX,92.6,Cutter,103.4,32,425
BAL,TEX,93.5,4,113.7,25,425
SD,MIL,93.1,4,107.7,26,425
STL,KC,85.8,Slider,109.9,26,425
SEA,TEX,80,Curveball,109.5,31,425
NYM,BAL,96.9,4,107.5,29,425
CIN,MIA,85.5,Cutter,111.4,22,425
CHC,MIN,79.2,Curveball,103.5,24,425
NYY,LAD,90.5,Split-Finger,107.4,26,425
AZ,STL,91.2,Slider,111.7,31,425
STL,LAA,97,4,110.7,34,425
KC,TEX,81.5,Slider,105.8,28,425
NYY,MIN,96.2,4,110.2,26,425
PIT,ATL,77.6,Curveball,109.3,26,425
BAL,TOR,93.4,4,109,23,425
TOR,CIN,87.8,4,108.2,36,425
BAL,CLE,93.5,4,109.4,28,425
TEX,HOU,88.9,Cutter,105.6,28,425
ATH,PHI,94.3,4,104.3,27,425
CLE,KC,93.3,4,106.6,32,425
NYY,MIL,85.4,Changeup,107.5,31,425
ATL,TB,92.4,4,109.8,35,425
PHI,NYY,88.4,Cutter,109.1,29,425
CWS,MIN,83.2,Sweeper,106,26,425
AZ,COL,89.9,Changeup,111,26,425
ATH,COL,89.8,Sinker,102.4,29,425
CLE,PIT,95.2,4,105.5,26,425
TEX,MIN,96.1,4,109.7,29,425
NYM,AZ,89.9,Cutter,111.6,33,425
PHI,COL,91.2,4,103.8,33,424
SD,COL,97.6,4,110.2,22,424
SD,AZ,89.6,Cutter,109.2,31,424
TEX,MIN,86.4,Changeup,104.5,31,424
SF,LAD,87.6,Slider,105.5,25,424
TB,LAA,91.4,Cutter,110.5,26,424
AZ,COL,77.3,Knuckle Curve,109.5,37,424
TOR,TB,87.2,Changeup,113.6,32,424
MIA,NYM,90,4,106.1,30,424
LAA,TEX,89.5,Cutter,105.5,30,424
SD,LAA,89.8,Slider,111,22,424
COL,MIA,90.1,4,102.5,30,424
PHI,NYY,89.6,Sinker,110.6,21,424
LAD,KC,93.3,4,104.7,33,424
BOS,COL,90.7,4,106.4,30,424
ATL,WSH,95.1,4,108.8,35,424
ATH,PIT,89.8,Changeup,109.7,25,424
TEX,LAA,92.9,4,112.1,25,424
SD,AZ,90.1,4,111.9,35,424
MIL,NYM,86.3,Cutter,105.4,33,424
BOS,SF,84.9,Knuckle Curve,107.3,29,424
TOR,BOS,82.8,Changeup,106.4,22,424
CHC,PHI,92.5,4,106.3,27,424
ATL,LAD,95.2,4,109.1,26,424
MIA,TB,94.2,4,105.5,29,424
TOR,MIA,96.8,4,109.1,23,424
NYM,COL,90.1,Slider,107.2,24,424
CLE,KC,96.6,Sinker,106.4,36,424
TOR,MIA,96.3,Sinker,110,22,424
DET,PHI,88.4,Slider,107.8,25,424
DET,MIN,83.9,Slider,108.9,31,424
COL,SF,94.2,4,105,31,424
LAD,PHI,88.9,Knuckle Curve,108.2,24,424
ATL,HOU,82.2,Knuckle Curve,108.5,28,424
AZ,CLE,95.8,4,105.1,27,424
MIA,PHI,82.1,Slider,107.6,29,424
SEA,TEX,95.2,4,111.8,28,424
ATH,LAA,85.2,Changeup,102.6,33,424
NYY,WSH,85.8,Knuckle Curve,107.2,31,424
CHC,WSH,92.1,4,105.8,29,424
ATL,CLE,83.3,Changeup,108.8,29,424
SEA,ATH,79.1,Curveball,110.7,23,424
MIA,LAD,81.7,Sweeper,109.1,31,424
LAD,BOS,88.6,Slider,105.7,32,424
BOS,BAL,94.9,4,109.5,20,424
SF,BAL,93.9,4,107.8,21,424
CLE,BAL,85.2,Cutter,108.9,29,424
ATH,LAD,92.6,Sinker,105.7,31,424
PHI,ATL,93.9,Sinker,109.5,29,423
NYY,BAL,90.9,Sinker,109.7,22,423
HOU,LAA,79.4,Changeup,106.2,27,423
NYY,MIA,94,Sinker,106.6,29,423
AZ,CIN,89.5,Cutter,106.9,25,423
DET,LAD,91.6,4,108.5,25,423
LAA,ATH,86.3,Slider,107.5,26,423
MIA,LAD,80.8,Curveball,108.1,26,423
CWS,WSH,93.4,4,107.4,26,423
TB,ATH,84,Slider,111.4,20,423
TOR,CIN,98.3,4,109.5,24,423
LAD,CHC,79.8,Changeup,108.4,26,423
SEA,LAA,96.2,4,108.1,24,423
SF,COL,82.7,Slider,105.2,24,423
TEX,LAA,96.2,4,104.8,33,423
SEA,SF,82.9,Sweeper,107.8,24,423
HOU,PHI,92.5,4,107.7,31,423
AZ,SD,90.5,Cutter,109.5,28,423
SD,ATL,87.1,Slider,104.7,26,423
TEX,CWS,86.7,Cutter,114.7,25,423
CIN,CHC,92.4,4,117.4,28,423
SF,LAD,90.6,Split-Finger,108.4,33,423
LAD,COL,94.5,4,106.1,29,423
NYY,LAA,77.1,Changeup,108.1,30,423
CWS,MIN,87.3,Cutter,112.5,28,423
NYY,BOS,95.3,Sinker,108.1,28,423
ATL,SF,90.8,Sinker,109.1,32,423
BOS,SD,79.3,Curveball,106.3,26,423
HOU,ATL,93.3,Cutter,114.3,21,423
ATH,HOU,91,4,101.3,36,423
BOS,CIN,93.4,4,104.2,30,423
STL,ATL,90.4,Sinker,104.5,29,423
CIN,ATH,97.4,4,103.9,31,423
HOU,AZ,87.4,Cutter,108.7,31,423
AZ,LAD,94.2,4,108,31,423
TOR,MIA,89,Cutter,108.3,26,423
ATH,MIL,94.7,Sinker,106.6,26,423
TB,CHC,98,4,105.2,22,423
NYY,TB,86.2,Slider,107.3,30,423
STL,TB,85.5,Changeup,107,27,423
CHC,WSH,94.8,4,107.2,28,423
TB,WSH,75.3,Curveball,104,27,423
AZ,LAD,90.9,4,104.7,26,423
ATL,WSH,88.1,Slider,110.1,35,423
LAA,NYY,93,4,112,23,423
TOR,PIT,83.1,Sweeper,105.5,30,423
ATH,KC,92.5,Sinker,112.7,24,423
CHC,STL,91.8,Sinker,109.1,23,423
KC,ATL,85.4,Slider,104.4,27,423
CIN,CLE,91.8,Sinker,109.8,26,423
TOR,TB,88.4,Changeup,112.7,17,423
ATH,CWS,77.8,Sweeper,109.6,26,423
MIA,TOR,84.6,Slider,107.5,26,422
TOR,MIN,92.4,4,106.6,30,422
CIN,CHC,91.2,4,107.3,27,422
MIA,NYM,98.4,Sinker,109,35,422
SEA,COL,84.7,Slider,108.3,24,422
STL,SD,80.8,Curveball,103.2,29,422
SD,ATL,85,Slider,109.7,24,422
ATH,DET,94.4,Sinker,103.2,27,422
BOS,ATH,83.1,Sweeper,103.1,29,422
PIT,DET,92.6,4,106.3,26,422
BAL,KC,83,Curveball,109.6,32,422
WSH,PHI,78.8,Knuckle Curve,108.1,23,422
BOS,TEX,83.7,Split-Finger,106.9,33,422
LAA,ATH,94.9,4,111,27,422
ATL,MIA,98.4,4,106.5,24,422
CWS,MIN,96.8,4,105.3,29,422
WSH,SF,92.2,4,107.8,23,422
CLE,NYM,93.2,4,105.5,25,422
LAD,AZ,96.4,4,109.2,27,422
KC,MIA,99,4,104.6,25,422
ATL,STL,89.8,Cutter,106.3,22,422
AZ,SF,95,4,104.1,29,422
CLE,WSH,92.2,4,109.8,31,422
BOS,TOR,73.9,Curveball,105.5,25,422
ATL,MIA,88.5,Slider,104.9,27,422
SF,COL,91.9,4,104.5,26,422
SD,AZ,95.3,4,111.7,24,422
BOS,TOR,82.5,Split-Finger,111.1,27,422
BAL,NYY,93.8,4,114.3,21,422
SEA,CIN,93.9,4,110.5,33,422
ATL,TEX,85.5,Slider,108.6,24,422
KC,BAL,97.2,4,111.5,23,422
MIL,STL,84.7,Changeup,104.4,27,422
MIA,COL,85.4,Changeup,100.8,30,422
MIN,AZ,92.3,Cutter,106.1,23,422
PHI,AZ,83.6,Slider,103.5,27,422
LAA,PHI,88.4,Slider,108.5,27,422
STL,LAD,93.5,Cutter,110,24,422
TOR,BOS,89.2,Cutter,102.5,29,422
TEX,BAL,92.1,4,108.4,30,422
ATL,WSH,94.7,4,109.2,27,422
SD,CIN,86.6,Changeup,106.9,27,422
SEA,KC,76.3,Curveball,110.5,36,422
SEA,ATL,86.9,Split-Finger,109.6,26,422
TOR,LAD,85,Sweeper,109,21,422
COL,CHC,83.6,Knuckle Curve,103.9,33,422
LAD,SD,95.5,4,103.9,31,422
CHC,SEA,94.6,4,102.8,33,422
LAD,SF,76.4,Curveball,111.8,28,422
MIA,ATH,95.6,4,106.5,28,422
STL,KC,86.6,4,108.5,29,422
WSH,KC,84.6,Slider,108,22,422
KC,TOR,87.3,Cutter,103.5,29,422
PHI,NYM,87,Slider,107.1,32,422
PHI,COL,88.2,Slider,104.1,31,422
SEA,LAA,85.9,Cutter,105.2,27,422
LAA,SEA,94.5,Sinker,108.9,34,422
ATL,KC,92.8,4,102.1,32,422
MIA,NYY,97.8,4,111.5,21,421
SEA,CLE,85.3,Cutter,103.3,30,421
HOU,TEX,89,Changeup,110,27,421
LAA,TEX,87.6,Slider,107.2,28,421
DET,MIN,80.9,Sweeper,107,33,421
SD,AZ,85.7,Slider,107.1,27,421
COL,CLE,81.3,Curveball,104.3,31,421
HOU,COL,87.5,Changeup,107,26,421
TOR,CLE,94,4,109.7,34,421
SF,SD,84.5,Sweeper,106.5,28,421
PIT,MIN,84.6,Slider,105.4,28,421
PIT,COL,80,Curveball,101,36,421
MIA,NYM,93.4,4,104.5,29,421
TEX,LAA,82.1,Sweeper,105.4,25,421
BOS,CLE,93.3,4,104.9,25,421
MIA,SEA,80.1,Sweeper,108.7,27,421
STL,AZ,89.6,Cutter,106.4,31,421
ATH,LAA,82.8,Sweeper,103.8,26,421
STL,CIN,91.9,Slider,110.2,30,421
TOR,NYY,94.5,4,110.4,29,421
PHI,CLE,89.4,4,110.6,23,421
COL,CWS,80.2,Curveball,100.7,25,421
COL,SD,90,Cutter,108.7,21,421
PIT,NYM,82.9,Sweeper,109.6,20,421
LAD,KC,93.3,Sinker,102.4,31,421
BAL,PHI,79.5,Changeup,108.5,25,421
COL,ATL,91.6,4,108.5,22,421
NYY,MIA,96.7,4,110.1,28,421
LAA,BAL,98.2,Sinker,108,30,421
WSH,PHI,92.4,4,108,22,421
CIN,MIA,85.8,Curveball,106.1,25,421
MIA,ATL,82.6,Changeup,104.2,33,421
SEA,LAA,87.1,Sinker,105.8,30,421
LAA,DET,96.8,4,107.3,34,421
MIN,TOR,94.5,4,108.2,28,421
MIN,SEA,85.7,Changeup,108.3,22,421
ATH,ATL,90,Sinker,105.5,23,421
TB,CLE,93.7,Sinker,111.6,28,421
TOR,BOS,95.5,4,107,23,421
LAD,KC,97.1,4,107,26,421
TB,CHC,85.2,Sweeper,105,24,421
LAD,STL,92.6,Sinker,109.5,33,421
TB,WSH,92.5,4,108.9,24,421
ATL,CWS,90.6,Changeup,104.6,26,421
KC,PIT,89.5,Changeup,114.1,19,421
PHI,WSH,81.6,Changeup,110.4,25,421
MIN,AZ,95.6,Sinker,109.8,26,421
TEX,LAA,77,Curveball,105.2,29,421
WSH,BAL,85.8,Slider,106.8,30,421
NYY,BAL,95.7,4,106.1,29,421
ATH,CIN,99.4,4,105.9,29,421
PHI,WSH,85.9,Changeup,103.8,24,421
SEA,TEX,92.3,Sinker,108.7,28,420
SEA,NYY,89.8,4,106,26,420
BAL,SD,91,4,108.1,31,420
BAL,CWS,81.8,Curveball,108.3,31,420
DET,AZ,85.5,Changeup,105.3,26,420
PHI,STL,87.1,Changeup,111.9,23,420
CWS,CHC,88.9,4,108.8,26,420
LAA,KC,86.5,Slider,107.3,22,420
SD,AZ,88,Cutter,106.9,24,420
WSH,NYM,88.5,Cutter,112.5,20,420
AZ,TB,94.2,4,106,29,420
LAD,SD,97.8,4,108.6,31,420
LAA,SEA,95.3,Sinker,106.1,28,420
NYM,CLE,97.1,4,107.1,28,420
BAL,NYY,81.3,Curveball,104.8,31,420
WSH,LAA,82,Knuckle Curve,107.5,24,420
CHC,AZ,86.3,Changeup,106,29,420
MIN,SEA,93.6,Cutter,106.7,28,420
LAD,COL,87.5,Knuckle Curve,102.9,30,420
CLE,MIL,96.3,Sinker,105,26,420
STL,CHC,81.5,Slider,106.5,29,420
LAA,PHI,97.9,4,109.1,25,420
NYM,ATL,89,Cutter,105.7,34,420
MIN,CHC,94.3,4,106.8,36,420
MIA,CIN,78.4,Changeup,108.7,31,420
BOS,MIN,96.9,4,109.5,32,420
CWS,TEX,90.3,Sinker,105.4,28,420
WSH,PHI,96.8,Sinker,106.5,23,420
NYY,ATL,92.9,Cutter,102,30,420
ATH,PHI,96,Sinker,102.3,25,420
SF,MIA,83.7,Slider,109.9,25,420
TEX,MIL,89.2,Changeup,111.9,22,420
TOR,DET,85,Slider,105,31,420
MIN,DET,94.4,Sinker,107,25,420
TEX,SEA,88.6,Slider,111.9,32,420
SEA,HOU,94.5,4,106.6,30,420
TOR,SF,80.6,Knuckle Curve,105.4,28,420
TOR,MIN,85.1,Split-Finger,105.5,28,420
PHI,MIA,95.3,4,106.4,27,420
LAD,BAL,93.5,4,105.4,31,420
MIL,PHI,82.7,Knuckle Curve,110.3,28,420
PIT,ATH,85.8,Slider,108.6,33,420
BAL,SF,91.1,Split-Finger,107.8,30,420
SF,CLE,80.5,Sweeper,108.3,25,420
CHC,SD,90.9,4,107.6,26,420
NYM,WSH,86.5,4,105.1,23,420
MIN,MIL,92.4,4,105.3,28,420
HOU,LAA,83.5,Cutter,104.3,32,420
TOR,ATH,87.8,Slider,108.7,25,420
COL,HOU,94.5,4,108.5,23,420
AZ,HOU,91.2,4,106.5,25,420
TEX,BAL,85.5,Split-Finger,108,24,420
MIN,LAA,73.7,Curveball,108.8,35,419
TB,TOR,85.9,Slider,108.8,28,419
NYY,BOS,94,4,107.6,28,419
LAD,PHI,96.4,Sinker,108.8,26,419
PIT,CHC,93.6,4,106,31,419
NYM,WSH,78.5,Sweeper,106.9,36,419
TB,SEA,93.7,4,106.4,29,419
LAD,ATL,84.4,Slider,108.4,24,419
STL,CHC,88,Slider,105.9,34,419
ATH,LAA,90.6,Changeup,103,35,419
ATL,WSH,92.6,4,106.2,29,419
LAD,SF,90.7,Cutter,110.3,27,419
ATH,TEX,90.6,Sinker,105.9,24,419
SD,AZ,94.1,4,105.8,31,419
SF,PIT,94.2,4,107,29,419
CIN,SD,94,Sinker,106.7,32,419
ATL,NYM,91.7,Sinker,106.4,31,419
COL,KC,95.3,4,110.8,24,419
NYY,DET,90.4,Sinker,108.1,26,419
LAD,CIN,87,4,108,27,419
AZ,TB,90.7,Cutter,106.7,29,419
TOR,TB,88.6,Changeup,107.2,24,419
STL,MIL,89.7,Cutter,107.1,29,419
AZ,SF,79.9,Curveball,108.8,29,419
LAA,TOR,96.6,Sinker,106.4,25,419
MIN,TOR,88,Slider,105.9,29,419
LAA,ATH,92.2,4,108.4,31,419
SEA,SD,92.9,4,107.2,30,419
STL,LAA,87.1,4,107,27,419
BOS,NYY,94.2,4,104.2,28,419
ATL,MIA,87.7,Cutter,108.4,39,419
ATH,WSH,94.3,4,107.7,27,419
BOS,KC,84.8,Slider,109.9,22,419
BAL,COL,91.1,4,103.9,27,419
TB,ATH,84.9,Slider,105.4,32,419
SEA,KC,81.9,Slider,110.3,32,419
NYM,CWS,91.9,Sinker,113.1,20,419
SEA,CHC,94.2,4,106.3,27,419
LAD,COL,87.4,Slider,107.8,40,419
DET,BAL,92.4,4,103.9,27,419
ATL,NYM,81.1,Curveball,109.8,26,419
WSH,CWS,88.5,4,111.7,25,419
ATL,WSH,93.3,4,107.7,23,419
AZ,ATL,94.3,4,110.7,21,419
HOU,STL,88.6,Changeup,107.6,21,419
NYM,DET,81.2,Curveball,108,32,419
MIL,KC,84.6,Changeup,107.4,32,419
LAD,CHC,82.3,Split-Finger,104.9,24,419
STL,CHC,76.6,Curveball,104.7,26,419
COL,AZ,94.3,4,103.3,37,419
NYY,TEX,92.2,Sinker,111,28,419
MIA,BOS,87.8,Changeup,104.6,25,419
SF,MIL,90.8,4,106.8,32,419
AZ,SF,77.3,Curveball,103.3,32,419
MIL,CHC,92.4,Sinker,104.5,25,419
ATH,KC,86.7,Cutter,104.9,31,419
KC,BAL,95.8,4,106.1,27,419
MIN,AZ,94.1,Sinker,109.7,19,419
TOR,TB,91.9,Sinker,108.9,28,419
COL,AZ,93.5,4,109.4,27,419
COL,AZ,94,4,103.8,29,419
MIN,CLE,81.5,Changeup,108.7,30,419
COL,SD,80.3,Sweeper,108.2,26,419
KC,BAL,89.3,Slider,106.3,25,419
LAA,BAL,95.1,4,107.7,26,419
NYM,WSH,78.9,Curveball,106,35,419
SF,MIN,85.6,Changeup,107.5,25,418
NYM,MIL,90.7,Sinker,109.4,37,418
SEA,ATL,91.5,4,106.8,35,418
KC,CLE,92.6,Cutter,103.2,20,418
TEX,ATH,93.4,Sinker,113.7,26,418
TOR,KC,93.6,4,106.8,27,418
NYM,SD,92.9,Cutter,109.7,23,418
AZ,ATL,93.8,4,101,31,418
CLE,CWS,88.1,Cutter,109.3,23,418
CHC,PHI,97.4,4,105.3,24,418
COL,PHI,84.3,Slider,107.2,31,418
WSH,MIN,94.9,4,102.9,31,418
LAD,DET,95.6,4,111.6,32,418
LAA,ATH,92.8,Sinker,103.1,28,418
LAD,CHC,91.8,4,106.9,35,418
MIA,NYY,89.5,Sweeper,107.6,22,418
PHI,MIA,89.2,Slider,106.4,32,418
NYY,SEA,92.4,Sinker,110.9,26,418
LAA,TOR,87.6,Slider,109,28,418
HOU,BOS,92.1,4,109.1,25,418
SF,WSH,92.5,4,104.9,31,418
WSH,SF,93,4,107.6,23,418
STL,ATH,96.4,4,113,26,418
CHC,PIT,78.4,Slider,101.5,32,418
CLE,BOS,80,Curveball,104.9,28,418
STL,HOU,80.1,Curveball,108.4,21,418
LAD,ATH,90.3,Sinker,109.6,21,418
CHC,PIT,98.1,4,105.6,27,418
LAA,KC,93.1,4,105.3,25,418
CLE,CWS,88.2,Cutter,108.4,31,418
SEA,KC,82.1,Sweeper,106.5,26,418
ATH,WSH,96.2,4,107.4,22,418
CHC,AZ,91.3,4,105.6,32,418
KC,MIN,93.8,4,109.3,23,418
NYY,TOR,96.8,4,112.7,24,418
ATL,MIN,85.2,Changeup,103.4,31,418
BOS,TB,87.1,Slider,108.7,28,418
SF,AZ,94.8,4,104,27,418
COL,LAD,79.1,Curveball,103,29,418
TOR,AZ,90.6,Sinker,110.8,21,418
MIA,PIT,95.6,4,103.4,30,418
AZ,CHC,79.2,Sweeper,102.6,32,418
SF,COL,86.8,Slider,110.7,21,418
CHC,MIL,89.2,Changeup,106.7,27,418
TEX,PIT,85.2,Changeup,105.2,34,418
COL,MIA,87.6,Slider,106.9,27,418
ATL,AZ,76.2,Slider,106.8,28,418
ATH,NYY,80.6,Split-Finger,103.5,39,418
MIN,TEX,90,4,110.9,22,418
BOS,MIN,94.4,4,103,26,418
PHI,COL,89.7,Changeup,106.7,26,418
TB,BAL,91.2,4,101.8,25,418
LAD,PIT,97.4,4,108.1,28,418
CWS,NYY,88.1,Sinker,107.2,26,418
MIL,CIN,87.5,Cutter,106.4,31,418
NYY,AZ,93.3,Cutter,106.7,29,418
MIA,STL,94.5,4,104.8,30,418
KC,MIL,87.5,Slider,108.2,27,418
PHI,SD,81.4,Knuckle Curve,105,30,418
HOU,MIN,97.5,4,108.4,28,418
CWS,LAD,87.3,Slider,110.9,28,418
LAD,COL,86.6,Slider,104,28,418
ATH,HOU,95.5,Sinker,109.9,20,418
CIN,TEX,83.1,Slider,107.2,26,418
CIN,AZ,86,Curveball,103.2,24,418
WSH,KC,86.5,Changeup,102.7,33,418
ATL,CHC,79.4,Curveball,108.8,35,417
TOR,CIN,92.8,4,108.7,23,417
SEA,MIA,91.8,4,112.5,28,417
PIT,LAA,95.4,Sinker,104.1,34,417
AZ,SF,95.3,4,109.3,28,417
MIN,TB,95.4,Sinker,108.8,27,417
SEA,MIA,90.9,Changeup,108.6,26,417
DET,CWS,88,Cutter,114.3,27,417
TB,TOR,79.7,Slider,109.7,21,417
MIA,SD,89.7,Cutter,111,21,417
LAD,ATH,92.4,Sinker,109.1,28,417
TEX,ATH,83.1,Slider,105.8,35,417
STL,ATL,85,Slider,108.8,38,417
HOU,TOR,85.6,Slider,106.5,25,417
CHC,ATH,92.3,4,102.2,29,417
PHI,LAD,93.2,4,109,24,417
STL,SD,91.6,Sinker,108.1,24,417
AZ,TEX,91.9,Sinker,105.6,26,417
LAD,CHC,92.4,4,104.8,26,417
TEX,ATH,92.6,4,103.1,29,417
SD,NYY,80.9,Sweeper,107.5,28,417
ATH,SEA,95.2,4,110.6,23,417
CLE,TEX,91.3,Changeup,106.8,28,417
ATH,TOR,84.1,Changeup,102.2,25,417
MIN,KC,85.1,Slider,110.7,23,417
LAA,MIA,87.1,Slider,106,27,417
ATL,NYM,92.2,Cutter,105.8,25,417
BAL,PHI,97,4,106.3,31,417
LAD,TOR,86.2,Changeup,107.8,27,417
SEA,TB,87.5,Sweeper,108.1,28,417
BAL,ATH,85.6,Slider,105.9,31,417
CIN,MIL,87.7,Slider,109.9,25,417
BOS,COL,89.1,Split-Finger,113,21,417
NYM,COL,93.4,4,109.6,23,417
ATL,BOS,87.9,Slider,107.7,35,417
SF,COL,94.8,4,105.7,25,417
HOU,ATH,97.2,4,106.3,29,417
ATH,TOR,91.3,Sinker,111.3,23,417
BAL,COL,96.7,4,108.1,27,417
SEA,NYY,96.9,4,107.1,30,417
CIN,KC,93.5,4,106.4,26,417
COL,MIA,95.6,4,103.7,28,417
LAA,CWS,86.7,Cutter,109.6,34,417
BAL,TOR,91.6,4,110.6,22,417
DET,ATH,92.7,Sinker,107.6,37,417
KC,TOR,84.3,Split-Finger,108.2,26,417
NYM,STL,87.3,Changeup,105.7,24,417
CHC,ATH,67.2,Other,105.7,33,417
NYY,ATH,87.1,Slider,107,24,417
AZ,BOS,96.1,4,103.1,30,417
DET,ATH,95.3,4,104,30,417
LAD,NYY,93.7,Sinker,105.5,31,417
MIA,DET,84.3,Slider,106.7,24,417
BAL,HOU,96.5,4,108.3,28,417
AZ,MIA,89.3,Slider,107,30,417
TEX,BAL,92.3,4,108.4,30,417
COL,NYY,93.9,4,104.6,35,417
PHI,DET,86.6,Slider,107.4,22,417
HOU,MIA,94.5,4,113.2,18,417
ATL,MIL,93.3,4,106.4,28,417
BAL,TOR,95.8,4,105.8,22,417
KC,TEX,80.7,Slider,102.7,30,417
TEX,BOS,93.5,Sinker,107.4,27,417
NYY,BOS,78.2,Knuckle Curve,105.8,23,417
TB,TEX,97.8,4,105.3,23,417
NYM,LAD,95.5,Sinker,106.6,34,417
BAL,TB,88.3,Cutter,107.7,30,417
SD,SF,86.2,Slider,106.1,27,417
ATH,LAA,85.8,Knuckle Curve,106.3,32,417
SF,CHC,90.9,4,107,32,417
PHI,BAL,84.6,Sweeper,106.9,24,417
CLE,KC,92.9,4,104.1,31,417
HOU,LAA,94.7,4,106.3,25,417
MIA,PHI,97.3,Sinker,103.9,28,417
PHI,TEX,83.3,Slider,104,26,417
PHI,STL,83.6,Sweeper,102.1,32,417
ATL,PHI,93.9,Sinker,107.6,30,417
CIN,STL,95.5,4,112.6,24,417
ATL,LAA,88.9,Slider,102.4,30,417
MIN,MIL,94.2,4,109.5,22,417
HOU,LAD,96.2,4,107.5,28,417
CIN,ATH,92.8,4,106.7,25,417
LAD,ATL,93.7,4,106.4,33,416
PIT,DET,91.6,Cutter,106.1,23,416
LAA,ATH,91,4,103.6,31,416
TB,CWS,87.5,Slider,105.6,27,416
AZ,CHC,92.1,4,107.5,22,416
ATL,BOS,86.8,Slider,112.3,28,416
LAA,BAL,83.2,Slider,104.5,31,416
MIN,COL,87.5,Cutter,107.3,41,416
ATL,HOU,91.1,4,106.6,27,416
ATH,HOU,96.5,Sinker,105.6,31,416
SEA,KC,94.2,4,104.3,28,416
NYM,SD,93,4,108.2,29,416
CWS,MIN,83.1,Slider,107.3,25,416
BAL,CHC,82.6,Sweeper,110.7,23,416
CHC,COL,84.3,Knuckle Curve,108.1,22,416
COL,TEX,88.2,Cutter,103.9,25,416
NYM,COL,88.7,Cutter,103.5,24,416
PIT,ATH,82.9,Sweeper,106.7,34,416
STL,SEA,96.1,4,106.9,28,416
WSH,MIL,92.9,4,106.7,25,416
STL,MIL,91.6,Cutter,108.7,25,416
ATL,MIL,89.1,Cutter,107.7,31,416
ATL,DET,79.9,Knuckle Curve,105.4,28,416
TB,CLE,95.7,4,105.1,28,416
SF,COL,95.1,4,106.2,27,416
HOU,ATH,86.7,Cutter,106.5,29,416
LAD,MIA,95,4,109.8,31,416
BOS,BAL,95.2,4,108.1,26,416
NYM,PIT,82.7,Sweeper,106.7,20,416
COL,SD,91.6,Cutter,100.6,32,416
PIT,MIL,88.1,Cutter,105,29,416
ATL,MIA,96.1,Sinker,106,30,416
ATL,MIA,85.1,Curveball,107.4,29,416
LAD,SF,91,Sinker,105.2,24,416
PIT,COL,87.7,Split-Finger,101.6,29,416
DET,LAA,86.3,Changeup,107.5,28,416
ATH,SEA,96,4,103,26,416
TOR,SEA,92.7,4,111.7,32,416
MIL,HOU,78.8,Curveball,106.2,28,416
LAD,STL,95.1,4,108.8,34,416
PIT,MIA,96.6,4,107.7,30,416
SF,ATH,80.5,Sweeper,104,27,416
SF,LAD,96.7,Sinker,104.8,24,416
BAL,HOU,80.1,Sweeper,103.8,29,416
WSH,ATL,85.8,Slider,102.7,26,416
AZ,CWS,91.8,Changeup,103.9,33,416
SD,AZ,89.8,Cutter,105,29,416
CHC,MIL,97.7,Sinker,105,28,416
ATL,LAD,85,Sweeper,108,24,416
SEA,CHC,72.5,Curveball,99.1,36,416
LAD,ATH,81.8,Sweeper,106,26,416
SF,ATL,80.2,Sweeper,105.2,35,416
AZ,COL,96.1,4,99.5,34,416
SEA,LAA,97,4,113.5,27,416
WSH,SEA,93.1,4,104.3,28,416
TOR,CIN,88.5,Slider,103.3,27,416
NYM,MIN,91.9,Sinker,106.9,33,416
AZ,ATL,88.4,Split-Finger,107.4,29,416
BOS,MIN,87.4,Cutter,107.5,29,416
NYM,AZ,86.7,Changeup,107.8,27,416
SD,SEA,95.1,Sinker,109.8,25,416
AZ,BAL,87.5,Cutter,103.1,27,416
SF,STL,80.9,Curveball,110,25,416
ATH,ATL,95.6,4,106.7,40,416
AZ,CHC,82.3,Sweeper,104.8,23,416
NYY,SEA,97.6,Sinker,110.7,22,415
STL,SD,84.5,Sweeper,108,31,415
MIN,TB,94,4,103.7,32,415
SEA,STL,92.3,Sinker,106.2,30,415
MIA,PHI,90.8,Changeup,111,21,415
COL,WSH,93.3,4,105,27,415
MIA,WSH,92.6,4,109.3,23,415
CIN,MIL,86.9,Slider,103.5,26,415
SD,SF,92.7,4,105.4,35,415
LAD,PHI,86.6,Changeup,104.3,28,415
LAA,COL,93.4,4,104.9,28,415
ATH,CWS,87.5,Cutter,107.3,28,415
CIN,LAA,86.5,Sinker,104.1,26,415
SF,ATH,95.1,4,101,33,415
STL,PIT,95.8,4,110.7,30,415
HOU,TB,88.7,Slider,107,22,415
TB,BOS,93.3,Sinker,107.6,26,415
LAD,SD,94.2,4,107.2,33,415
ATH,LAD,87.1,Changeup,108.5,28,415
WSH,NYM,89.4,Slider,107.7,31,415
AZ,MIA,96.6,4,110.9,23,415
NYM,MIA,96.1,4,113.4,21,415
NYM,MIA,66.1,Other,106.2,28,415
MIL,PIT,82.9,Changeup,110.7,23,415
NYY,TOR,88.2,Slider,105,29,415
BOS,HOU,90.3,4,112.6,19,415
NYY,TOR,83.5,Slurve,102.8,29,415
LAA,ATL,90.8,Sinker,103.1,31,415
LAD,CWS,94.4,4,105.5,27,415
CIN,PIT,95.6,4,106.3,36,415
NYY,MIN,89.7,Slider,113.5,23,415
BAL,TOR,95.7,4,108.5,27,415
MIN,BOS,93.7,4,104.7,30,415
LAD,BOS,97.5,Sinker,107.2,29,415
KC,CWS,93.8,4,109.4,21,415
NYY,SEA,93.8,4,106.1,28,415
MIA,PHI,86.7,Cutter,107.2,33,415
LAD,ATL,89.6,Sinker,105,25,415
CHC,CIN,84.9,Slider,103.4,33,415
KC,NYY,84.6,Changeup,104.6,27,415
NYM,PHI,96.9,4,102.6,26,415
COL,AZ,90.8,Cutter,102.3,34,415
BOS,TEX,94.6,4,108.7,28,415
KC,AZ,94.2,Sinker,106.7,25,415
PHI,WSH,96,4,107.2,28,415
SD,STL,94.5,4,105.2,24,415
NYY,PHI,93.1,4,106.7,27,415
SD,COL,84.7,Slider,108.7,27,415
NYM,AZ,80,Slider,107,29,415
CWS,MIL,92.3,4,105.7,31,415
MIA,ATL,89.4,Sinker,108.1,32,415
BOS,PHI,88.2,Changeup,107.5,35,415
TOR,STL,97.8,4,106.8,30,415
STL,CHC,94.7,4,106.2,25,415
DET,MIN,81.4,Slider,107.3,35,415
SEA,COL,84.1,Slider,107.4,27,415
ATH,DET,96,4,110,27,415
HOU,ATH,82,Changeup,101.5,40,415
CIN,BAL,91.3,4,107.5,29,415
LAD,ATL,79,Curveball,107.3,35,415
NYM,SD,98.3,4,106.3,26,415
COL,MIA,87,Curveball,103.5,25,415
BAL,SEA,92.5,4,108.3,29,415
AZ,TOR,93.8,4,103,29,415
SF,PIT,94.8,4,107.7,28,415
KC,MIN,95.2,4,108.5,28,415
AZ,MIA,85.1,Sweeper,102.8,33,415
MIL,CIN,83,Sweeper,107.9,22,415
HOU,BOS,80.6,Sweeper,104.9,26,415
CLE,LAA,95.9,Sinker,102.1,29,415
LAA,ATH,94.2,Sinker,107.9,25,415
TB,ATH,83.9,Slider,113.1,18,415
TB,CIN,84,Changeup,106.6,24,415
HOU,LAD,89.1,Slider,104.9,30,415
CIN,ATL,91.6,4,105.2,23,415
LAD,LAA,77.8,Changeup,106.5,28,415
HOU,BAL,85.1,Changeup,106.1,35,414
CWS,TB,90.5,Cutter,109.8,27,414
KC,CHC,83.8,Slider,100.9,27,414
AZ,TEX,82.6,Changeup,115.4,18,414
NYM,TEX,88.8,Sinker,104,37,414
AZ,WSH,77.3,Curveball,111.8,24,414
SD,BAL,94.5,4,106.6,24,414
MIN,CWS,89.2,Cutter,107.5,32,414
BAL,NYY,96.1,4,107.1,32,414
PHI,PIT,91,4,109.1,28,414
CHC,MIN,93.9,4,101.9,29,414
STL,LAA,86.9,Slider,112.1,25,414
CIN,BOS,96.4,4,104,28,414
COL,CIN,82.8,Curveball,107.1,30,414
BOS,NYY,82.4,Sweeper,104.7,24,414
STL,MIA,84.6,Curveball,108.1,25,414
WSH,PHI,89.1,Changeup,101.6,30,414
MIN,TB,86.4,Cutter,104,29,414
MIA,PIT,86.7,Split-Finger,103.6,33,414
SF,AZ,80.9,Changeup,107.7,26,414
WSH,AZ,84,Curveball,108.3,21,414
TEX,ATH,91.8,Cutter,105,39,414
TOR,TEX,85.5,Slider,102.3,29,414
NYM,COL,96,4,101.2,26,414
STL,MIN,89.4,Changeup,108,26,414
LAA,WSH,97.4,4,106,30,414
ATH,LAD,77.6,Curveball,108,29,414
PHI,COL,96.7,4,102.5,33,414
STL,TB,88,Slider,104.3,28,414
CHC,STL,92.3,4,109.1,32,414
CHC,DET,85.6,Changeup,110,28,414
TEX,MIA,93.5,Cutter,106.3,24,414
ATH,CWS,88.9,Cutter,107,35,414
PHI,NYY,88.4,Changeup,107.2,29,414
NYM,ATL,86.3,Slider,107.4,27,414
TOR,TB,83.8,Split-Finger,108.7,30,414
PIT,ATL,95.4,4,102.4,35,414
ATH,COL,89.2,Slider,102.4,28,414
DET,MIN,80.1,Changeup,106.5,41,414
SEA,CHC,94.2,4,105,41,414
CHC,PIT,95.7,4,108.8,33,414
WSH,LAD,94.8,Sinker,105.5,34,414
COL,ATL,84.7,Slider,108.7,42,414
WSH,PHI,87.1,Sweeper,107.9,27,414
NYY,SEA,79.7,Sweeper,107.2,30,414
TOR,CWS,83.6,Changeup,107.6,24,414
NYM,SF,92.7,4,110.1,24,414
NYM,ATL,92.7,4,103.7,33,414
STL,ATH,83.3,Sweeper,107.7,30,414
CLE,BOS,85,Sweeper,106.7,30,414
PHI,MIA,88.2,4,107.4,25,414
COL,SD,94.6,4,105,32,414
BOS,COL,84.9,Sweeper,105.8,24,414
CIN,CHC,92.4,4,105.3,25,414
LAD,NYM,80.8,Curveball,114,37,414
MIN,ATH,93.9,4,104,24,414
BAL,BOS,95.2,4,108,25,414
ATH,HOU,97.1,4,113.8,25,414
PHI,WSH,86.4,Slider,104.3,30,414
MIL,LAD,91.5,Cutter,104.7,28,414
CHC,STL,95.2,4,105,31,414
TEX,BOS,79.8,Sweeper,102.7,29,414
AZ,MIA,85.9,Sweeper,105.3,23,414
SF,PHI,93.9,4,103.4,29,414
PHI,KC,92.7,4,107.6,32,414
CIN,BAL,91.4,4,103.6,27,414
BAL,CLE,81.7,Changeup,105.3,27,414
ATH,TB,87,Changeup,104.3,31,414
CWS,MIN,90.4,Cutter,113.7,29,413
STL,SF,85.6,Sweeper,107.3,28,413
MIA,DET,88.4,Split-Finger,104.3,24,413
LAA,STL,81,Curveball,106.1,27,413
TB,ATH,86.7,Cutter,107.3,24,413
CHC,MIL,94.8,Sinker,102.8,30,413
WSH,MIA,85.5,Slider,107.2,33,413
LAA,MIN,81.3,Changeup,102.4,32,413
LAD,MIL,79.9,Curveball,106.7,32,413
PIT,STL,89.7,Cutter,106.3,33,413
SF,AZ,91.7,4,104,26,413
ATL,LAA,88.6,Changeup,105.1,32,413
TOR,SD,85,4,105.2,29,413
MIL,WSH,95.9,4,107.7,37,413
ATH,CIN,98,4,103.1,29,413
LAD,COL,90.6,4,115.9,19,413
CIN,TOR,92.8,Sinker,108.2,34,413
NYM,WSH,83.6,Curveball,106.3,27,413
TOR,LAA,97,Sinker,109.7,33,413
NYY,DET,91.3,Cutter,110.1,28,413
WSH,MIA,96.1,4,110,27,413
ATL,MIL,89.2,Cutter,102.4,32,413
TB,ATL,96.7,4,105,23,413
ATL,PHI,85.4,Slider,109,25,413
LAA,TB,90.5,Sinker,107.1,26,413
CIN,MIL,93.7,4,107.5,31,413
NYY,BOS,89,Changeup,105.7,34,413
CWS,PIT,83.6,Split-Finger,105.7,27,413
NYY,MIL,90.1,4,109.2,36,413
MIL,SF,94.3,Sinker,107.6,28,413
BOS,CIN,89.2,Slider,103.1,24,413
AZ,SF,94.9,Sinker,109.7,24,413
ATL,SD,91.4,4,104.4,31,413
WSH,ATL,93.2,4,108.7,29,413
CHC,STL,92.2,Slider,104.4,37,413
BAL,TB,89.9,Sinker,107.6,22,413
CHC,CIN,77.1,Changeup,107.9,26,413
SEA,HOU,90.5,Sinker,107.9,22,413
COL,DET,88.7,Slider,107.4,36,413
CHC,STL,92.2,Sinker,104.6,30,413
TEX,AZ,87.6,Changeup,107.8,25,413
SEA,ATH,94.7,4,104.1,28,413
LAA,DET,95.5,Sinker,106.4,38,413
CHC,MIA,92.9,4,106.7,20,413
BAL,NYM,85.7,Slider,110,24,413
MIL,BOS,95.8,4,105.8,27,413
NYM,MIL,94.2,4,103,33,413
PHI,NYY,92.6,4,113.8,20,413
NYY,BAL,95.2,4,110.3,24,413
NYY,KC,99,4,108.8,24,413
TOR,COL,79.9,Curveball,97.8,36,413
PIT,MIA,85.4,Slider,102.2,27,413
DET,LAA,94,Sinker,106.8,26,413
BAL,COL,90.1,4,101.7,30,413
LAA,NYY,82.8,Changeup,105.2,34,413
ATH,LAA,90.8,4,106.7,41,413
SD,LAD,92.8,Split-Finger,105.3,29,413
NYM,ATL,93.8,4,108.8,26,413
AZ,SD,93.6,4,106.9,25,413
KC,MIA,95.8,4,107.3,26,413
PHI,MIA,83,Slider,106.4,28,413
MIL,HOU,80.1,Curveball,105.3,28,413
ATH,HOU,81.7,Slider,105.4,27,413
CWS,COL,94.7,4,103.2,35,413
TOR,PHI,85.3,Sweeper,106.6,24,413
ATH,MIN,95.8,4,100.9,28,413
HOU,COL,79.7,Curveball,102.6,31,413
SF,NYM,88.6,Cutter,109.6,21,413
LAA,SEA,95.2,4,105.7,28,413
KC,CLE,89.6,Slider,109,22,413
AZ,TEX,76.4,Curveball,105.7,31,413
COL,LAD,93.1,Sinker,97.8,32,413
NYM,ATL,89.7,Cutter,109.2,27,413
LAA,HOU,78,Sweeper,107,34,413
DET,KC,91.2,4,106,23,413
NYM,ATL,96.7,4,109.5,28,413
AZ,BAL,85.1,Split-Finger,106.2,34,413
COL,STL,87.5,Changeup,107.1,25,413
MIL,COL,86.8,Slider,102.8,24,413
NYM,CHC,77.7,Changeup,106.6,31,413
BAL,TOR,92.2,Sinker,108.1,27,413
SEA,ATH,78.7,Changeup,104.8,31,413
CWS,LAA,90.3,4,104.9,31,413
ATL,CIN,92.8,Sinker,106.8,24,413
LAD,AZ,85.5,Slider,108.2,34,413
WSH,LAD,79,Curveball,106.6,30,413
LAA,LAD,95.6,4,103.5,33,413
LAD,MIN,93.5,Sinker,105.5,25,412
NYY,MIA,98.1,4,106.1,25,412
KC,SD,89,Cutter,114.1,21,412
SD,WSH,93.2,4,107.4,27,412
STL,CHC,88.2,Cutter,107.6,38,412
WSH,COL,86.5,4,104.8,34,412
CHC,SF,92.4,Sinker,105.8,35,412
TB,BOS,77.3,Curveball,107.9,31,412
DET,STL,89.4,Cutter,108.9,30,412
CWS,NYY,87.4,Slider,107.6,22,412
NYM,CIN,92.8,4,115,21,412
KC,HOU,88.2,Changeup,108.4,34,412
LAD,AZ,82.5,Curveball,103.2,25,412
NYY,DET,90.4,Split-Finger,110.6,28,412
PHI,KC,95.8,Sinker,104.9,26,412
STL,SD,94.6,Sinker,111.5,19,412
NYM,MIA,86.1,Slider,106,20,412
TOR,NYY,88.1,Sinker,108.4,18,412
LAD,ATL,87.4,Cutter,107.4,23,412
CIN,NYM,96,4,107.1,32,412
NYM,ATL,94.7,Sinker,106.5,26,412
ATL,STL,93.1,Sinker,107,40,412
COL,WSH,84.1,Changeup,103.4,28,412
NYM,PHI,83.6,Slider,109.7,22,412
MIL,NYY,92.4,4,109.8,20,412
HOU,CWS,89.4,Slider,107.6,31,412
ATH,LAA,79.1,Changeup,103,31,412
CHC,LAD,92.2,Cutter,106.1,29,412
LAD,SEA,95.1,4,109.5,32,412
TEX,LAA,87,Cutter,109.2,20,412
AZ,PHI,86.2,Sweeper,109.2,25,412
CLE,SF,95.3,4,107.3,28,412
LAA,MIN,87.2,Knuckle Curve,109.2,22,412
CHC,STL,92.4,4,103.8,28,412
COL,SEA,95.6,4,105.7,28,412
NYM,PHI,95.3,4,106.3,32,412
MIN,TB,90.3,Sinker,105.5,28,412
SEA,KC,85.8,Slider,107.2,21,412
ATL,MIA,92,Cutter,104.9,25,412
NYM,MIL,93.6,Sinker,106.1,27,412
COL,PIT,98.1,4,104,23,412
CWS,MIN,97,4,106.2,34,412
LAD,NYY,92.2,4,102.8,31,412
AZ,PIT,92.4,Sinker,111,23,412
TEX,COL,97.1,4,106.7,29,412
TOR,ATH,94.4,4,112.3,21,412
LAA,CWS,87.4,Slider,105.7,34,412
MIL,MIN,89,Changeup,100.7,30,412
BAL,TOR,92.5,4,104.1,29,412
SEA,NYM,96.9,4,106,27,412
ATL,NYM,87.5,Slider,108.6,43,412
STL,SF,92.1,4,108.4,27,412
ATL,PHI,94.1,4,106.6,26,412
SEA,ATH,83.6,Changeup,106.9,25,412
DET,CIN,90.2,4,109.2,25,412
COL,AZ,94.8,4,97.7,28,412
SEA,CIN,87.5,Cutter,104.1,32,412
NYY,BAL,87,Cutter,105.8,34,412
ATH,CIN,92.4,Cutter,102.9,26,412
CLE,DET,94.4,4,110,25,412
MIN,CLE,50.1,Curveball,102.3,33,412
PIT,COL,84,Slider,100.6,31,412
MIL,BAL,84.6,Slider,105.2,26,412
CLE,MIN,89.3,Cutter,105,27,412
ATL,ATH,89.4,Cutter,102.2,27,412
SD,AZ,86.6,Slider,102.2,32,412
BAL,TB,62.1,Eephus,106.9,32,412
NYM,ATL,87.8,Slider,108.4,22,412
KC,MIN,84.9,Sweeper,105.1,28,412
PHI,AZ,80.6,Knuckle Curve,104.2,33,412
CHC,WSH,78.5,Curveball,104.5,26,412
LAD,WSH,96.2,4,106.2,31,412
KC,TEX,95.1,Sinker,107.7,23,412
TEX,MIA,95.1,4,109.6,30,412
TOR,CIN,81.2,Changeup,103.8,24,412
ATL,TOR,95.4,4,109.7,30,412
TOR,ATL,83.6,Slider,108.9,28,412
LAA,LAD,72.9,Curveball,107.7,32,412
KC,ATL,91.7,Cutter,103.7,30,412
TB,CLE,93.6,4,108.6,24,412
NYY,SEA,87.2,Changeup,105.6,28,412
LAA,BOS,93.6,4,104.4,24,412
PIT,DET,97.2,4,104.3,27,411
BOS,STL,96,4,103.9,27,411
SD,CLE,82.9,Cutter,106.5,26,411
PIT,STL,94.4,4,106.2,26,411
MIA,COL,91.7,4,100.9,28,411
LAA,LAD,94.4,4,104.1,34,411
STL,SEA,80.7,Split-Finger,107.2,23,411
AZ,LAD,94.4,4,107.5,30,411
CIN,STL,95.2,4,106.1,25,411
LAD,BAL,94.4,Sinker,109.8,23,411
AZ,LAA,90.7,Slider,106.4,22,411
SF,COL,90.7,Cutter,114.5,21,411
MIN,MIL,94.4,Sinker,109,21,411
WSH,BAL,87.1,Cutter,105.5,25,411
KC,DET,96.2,4,106.1,30,411
AZ,ATL,94.6,4,101.4,34,411
SF,MIL,100.4,Sinker,105.1,23,411
CWS,SEA,87.2,Slider,110.9,29,411
ATL,CIN,77.1,Changeup,109.6,32,411
SEA,ATL,54.3,Eephus,102.3,34,411
MIA,WSH,93.5,4,104.7,26,411
NYY,KC,86.7,Changeup,105.4,33,411
ATL,TOR,92.7,4,111.7,24,411
MIN,KC,92,4,106.7,26,411
SD,COL,92.3,Slider,112.8,27,411
HOU,LAA,82.2,Slider,107.1,22,411
KC,PIT,90.5,Cutter,109.8,36,411
STL,MIA,97.1,4,107.4,23,411
LAD,KC,87.1,Changeup,105,24,411
SEA,SF,92.9,4,105.1,27,411
ATH,LAA,93.4,4,110,22,411
ATL,LAD,93.6,4,104.4,34,411
DET,WSH,85.1,Split-Finger,110.3,24,411
AZ,TEX,98.3,4,105.3,29,411
ATH,KC,93.9,4,108,25,411
MIL,CIN,84.6,Sweeper,103.8,26,411
DET,CLE,90.5,Sinker,107.2,29,411
LAD,AZ,92.1,4,108.6,21,411
NYM,COL,98.5,4,99.8,32,411
NYM,MIL,82.9,Slider,105.5,26,411
LAA,HOU,92.7,4,108.7,25,411
MIN,CLE,93.1,4,106.9,26,411
CHC,NYM,86.3,Changeup,106.7,27,411
NYY,SEA,95.6,4,106.6,28,411
CLE,PHI,92.1,4,105.6,26,411
LAD,DET,83.5,Slider,105.9,26,411
TB,LAA,98.1,Sinker,105.3,28,411
SEA,LAA,89.8,4,102.7,29,411
NYM,KC,89.8,Changeup,103.2,29,411
LAD,NYM,94.8,4,108.2,31,411
KC,CLE,82.3,Sweeper,103.6,26,411
WSH,NYY,79.4,Sweeper,105.2,31,411
MIN,SEA,96.7,Sinker,102.8,29,411
CWS,MIN,92,4,106.5,25,411
ATH,TOR,89,Slider,104.3,31,411
ATH,TEX,91.8,Cutter,108.5,24,411
SF,SEA,94.8,4,105.4,25,411
ATL,BAL,88,Sweeper,103.6,29,411
CLE,DET,90.6,Changeup,105.8,23,411
BOS,SF,94.7,4,102.7,26,411
DET,NYM,78.3,Sweeper,106.4,26,411
SD,NYM,90.9,4,108.7,27,411
STL,CIN,92.9,Sinker,107.6,22,411
WSH,COL,90.9,Cutter,105.9,24,411
TB,TEX,90.6,Changeup,107.4,29,411
CWS,PIT,87.1,Sinker,102,31,411
LAD,SD,83.4,Curveball,105.4,24,411
LAA,PHI,89.6,Changeup,109.9,20,411
CLE,PIT,93.4,Split-Finger,107.8,32,411
COL,PIT,95.4,Sinker,98.5,32,411
TEX,LAA,95.6,4,107.3,22,411
PHI,PIT,87.8,Slider,102.8,29,411
BOS,ATL,94.8,4,108.2,26,411
NYY,ATL,87.1,Slider,102,34,411
MIN,COL,84.5,Slider,102,24,411
CHC,SF,84.8,Changeup,104.9,32,410
MIN,LAD,83.9,Sweeper,104.8,31,410
PHI,BOS,96.7,Sinker,103.1,31,410
SF,ATL,87,Cutter,101.7,30,410
COL,STL,93.7,Sinker,106.8,25,410
BOS,PHI,94.9,Sinker,107.8,34,410
KC,WSH,85.2,Changeup,104.2,32,410
HOU,WSH,85.8,Cutter,103,32,410
ATL,COL,97.8,4,103.7,36,410
CLE,CWS,84.2,Slider,108.3,22,410
PHI,BOS,86.6,Slider,102.3,29,410
MIA,CHC,96.1,4,110,35,410
NYM,PHI,98,Sinker,111.4,24,410
SEA,SD,93.9,Sinker,104.2,33,410
MIN,DET,95.1,Sinker,105.4,32,410
PHI,CIN,93.3,4,110.2,41,410
WSH,MIA,92.5,4,108,26,410
DET,LAD,90.6,Split-Finger,104.7,27,410
LAD,SF,91.1,Cutter,106,30,410
ATH,TOR,93,Sinker,104.5,23,410
HOU,TEX,90.7,Changeup,105.2,27,410
STL,COL,76.3,Knuckle Curve,106.2,25,410
BOS,NYY,93.9,4,103.3,26,410
SF,NYM,92.7,4,103.1,29,410
STL,LAD,91.8,4,108.2,32,410
PHI,MIA,82.9,Changeup,105.3,33,410
CHC,PIT,94.6,4,112.8,26,410
MIL,STL,91.7,Sinker,103.7,28,410
TOR,LAD,84.7,Sweeper,104.5,26,410
PHI,LAD,93.6,Cutter,105.3,37,410
CLE,BOS,84.8,Sweeper,110.3,25,410
NYY,MIL,89.7,Cutter,113.1,28,410
AZ,SEA,89.8,Slider,100.9,30,410
PHI,TOR,95.5,4,109.7,34,410
SD,COL,97.3,4,108.9,25,410
CIN,SF,89.2,Slider,107,24,410
AZ,MIA,88.4,Split-Finger,103.5,29,410
PHI,MIA,90.4,Slider,107.5,32,410
NYM,MIA,100.6,4,111.4,23,410
AZ,SD,93.1,4,106.6,28,410
TB,STL,91.5,4,104.7,29,410
MIA,LAA,92.9,4,104.4,27,410
CHC,CIN,99.9,4,104.1,28,410
ATH,PHI,85.8,Slider,107,22,410
SF,CHC,87.9,Split-Finger,106.1,26,410
LAD,CWS,83.2,Split-Finger,103.8,31,410
AZ,SF,89.6,Slider,106.7,23,410
TOR,NYY,82,Sweeper,103.1,31,410
MIL,NYM,82.6,Sweeper,104.5,22,410
TEX,AZ,95.8,4,107.7,28,410
BOS,TOR,82.9,Split-Finger,103.7,32,410
NYM,WSH,91.1,4,102.2,28,410
NYY,CWS,95.2,4,105.8,24,410
NYY,HOU,75.2,Knuckle Curve,105,34,410
LAA,COL,85.1,Knuckle Curve,103.8,40,410
CIN,LAD,93.2,Cutter,108.9,22,410
MIA,CHC,96.4,4,109,31,410
LAA,TOR,91.2,Sinker,106.4,26,410
SD,WSH,82.4,Curveball,104.3,21,410
CWS,SEA,97.9,Sinker,104.5,26,410
MIL,LAD,92.8,4,101.9,27,410
NYM,KC,93.7,4,103.7,35,410
PIT,AZ,91.4,Cutter,102.2,31,410
BOS,TOR,94.4,4,107.8,25,410
CIN,BAL,90.7,Sinker,108.5,25,410
MIN,SEA,98,4,102.5,26,410
LAD,NYY,85.3,Split-Finger,110.3,29,410
SD,ATL,92.7,4,110.6,23,410
LAA,CLE,92.8,Sinker,111.4,22,410
ATH,SEA,80.9,Curveball,113.3,24,410
HOU,ATH,92.8,4,102.4,30,410
TB,KC,92.4,Sinker,110.6,20,410
LAA,TB,90,Slider,115.7,21,410
MIL,STL,84.6,Sweeper,104.8,29,410
COL,SD,95.5,4,105.7,31,410
AZ,TEX,81.7,Slider,102.8,33,410
DET,LAA,95.6,4,106.9,32,410
ATH,MIN,88.5,Slider,104,31,410
CHC,WSH,94,4,109.1,36,410
TOR,CWS,92.1,Sinker,107.4,28,410
NYY,WSH,94.9,Cutter,102.9,26,410
BAL,LAA,87,Slider,105.2,29,410
AZ,MIA,79.7,Sweeper,102.7,28,410
LAA,ATH,94.6,4,104.1,27,410
BOS,BAL,93.8,4,107.2,26,410
ATH,LAA,72.2,Curveball,103.2,32,410
TB,HOU,84.9,Changeup,105.2,36,410
BOS,TB,82.3,Split-Finger,104.9,28,410
BOS,MIN,52.6,Eephus,102.6,29,410
ATH,SEA,88,Slider,106.8,22,410
PIT,COL,90.1,4,101.6,29,410
HOU,TEX,92.1,4,104.1,29,410
PIT,NYY,76.2,Curveball,109.5,35,410
CLE,TOR,90.4,Sinker,106.2,25,410
LAD,DET,96.6,4,108.3,31,410
BOS,MIN,95.4,4,105,27,410
AZ,SD,87.4,Slider,109.5,24,410
DET,PIT,84.5,Sweeper,102.2,25,410
HOU,COL,94.1,4,107,33,409
TB,WSH,92.6,4,104,27,409
PHI,BOS,80.4,Changeup,103.2,28,409
LAA,ATH,80.7,Sweeper,103.7,36,409
SD,MIL,93.2,4,105.3,28,409
TB,NYM,92.6,Sinker,109.2,23,409
MIA,CHC,95.5,4,112.1,20,409
MIL,LAA,88,Changeup,103.4,28,409
PIT,WSH,91.1,4,105,28,409
SD,COL,94.8,4,105.7,30,409
MIL,CHC,82,Curveball,105.6,33,409
ATL,CHC,90.7,4,106.5,26,409
CHC,STL,90.3,Cutter,104.4,25,409
CHC,TOR,77.6,Curveball,104.8,31,409
WSH,MIA,88.4,Sinker,104.4,26,409
MIL,TEX,89.3,Changeup,109.1,19,409
NYY,MIA,87.4,Slider,116,19,409
TEX,HOU,91.5,4,106.3,38,409
DET,NYY,97.9,Cutter,107.3,26,409
CIN,SD,94.3,4,107.9,27,409
MIL,MIA,94.5,Sinker,106.5,23,409
PIT,BAL,91.4,4,111.4,29,409
WSH,MIA,86.5,Slider,103.4,32,409
TOR,COL,52.1,Eephus,97.8,36,409
COL,LAD,92.4,4,113.3,20,409
MIL,COL,76.8,Curveball,102.3,38,409
MIL,ATL,85.7,Slider,102.7,25,409
BAL,TOR,79.9,Split-Finger,105.5,24,409
NYY,ATL,93,Cutter,110.2,29,409
KC,ATH,94.6,4,103.1,27,409
LAD,SEA,93.2,4,101.6,31,409
HOU,CWS,79.5,Sweeper,105,27,409
NYM,SD,95.5,4,112,22,409
TB,CLE,90.6,4,103.9,28,409
COL,BAL,94.2,Sinker,107.1,26,409
LAD,COL,94.2,4,107,24,409
SF,AZ,87.6,Slider,105.5,25,409
AZ,SF,84.9,Sweeper,100.7,33,409
LAA,MIL,92.8,4,101.9,32,409
MIN,LAA,88.1,Changeup,110.6,20,409
SF,TB,90.4,Slider,101.6,36,409
TB,TOR,95.5,Sinker,103.2,29,409
WSH,CWS,81.2,Curveball,106.6,25,409
PIT,MIL,89.1,Cutter,104.8,27,409
SF,SD,97.6,4,106,29,409
ATL,MIA,97.2,4,104.7,28,409
MIA,MIL,92.9,Cutter,104.1,31,409
NYY,TOR,87.2,Cutter,104.8,31,409
CWS,KC,85.9,Slider,107.1,28,409
LAD,SD,94.1,4,108.9,28,409
TB,MIA,90.5,Changeup,105.3,24,409
NYY,WSH,97,4,104.3,28,409
CLE,AZ,85.6,Changeup,104.3,21,409
KC,TEX,93.6,Sinker,105,19,409
TOR,PIT,96,Sinker,108.5,25,409
KC,CWS,91.1,Sinker,101.8,28,409
NYY,SEA,86.7,Changeup,105.7,28,409
STL,PIT,87,Slider,107.7,24,409
MIA,HOU,81.7,Sweeper,105.6,25,409
STL,MIN,82.6,Slider,103.6,31,409
ATH,HOU,82.3,Sweeper,104.2,37,409
TB,DET,93.2,4,111.3,20,409
SF,LAD,93.2,4,102.1,26,409
TB,COL,78.4,Curveball,108.1,26,409
LAA,TEX,90.2,Slider,102,30,409
DET,LAA,84,Sweeper,102.7,31,409
NYM,ATL,82.9,Slider,107.1,35,409
PHI,TB,95.3,4,104.2,29,409
ATH,CWS,84.7,Slider,107.9,25,409
ATL,PHI,96.1,Sinker,111,27,409
MIL,ATL,85.1,Slider,102.7,23,409
TEX,CLE,93.5,4,109.9,25,409
TEX,MIN,87.8,Slider,102.8,32,409
CIN,STL,92.7,4,102.5,29,409
DET,LAA,85.6,Slider,101,30,409
SEA,LAA,84.6,Sinker,109.4,20,409
MIL,BAL,93.8,4,107,25,409
MIN,DET,88,Cutter,109.4,21,409
NYY,TB,80.9,Curveball,104.7,28,409
LAD,COL,78.1,Curveball,101.2,33,409
LAD,CLE,90.8,4,107,30,409
MIL,LAD,85.2,Slider,101.8,30,409
TEX,SD,93.2,4,106.6,30,409
MIA,STL,94.2,Sinker,107,25,409
ATH,MIA,89.8,Slider,108.8,34,409
SF,SD,96.9,4,106.7,33,409
TB,NYY,92.6,4,103.8,28,409
CLE,STL,92.5,4,104.2,35,409
KC,PIT,94.7,4,104.9,24,409
LAA,COL,92.5,4,102.6,36,409
CHC,AZ,95.1,Cutter,100.8,27,409
TOR,ATL,93.8,Cutter,106.4,26,409
HOU,CWS,95.7,4,104.8,24,409
LAD,COL,93.7,Sinker,106.7,26,409
KC,CHC,86.8,Cutter,107.2,22,408
SD,STL,93.5,Sinker,107.3,20,408
CLE,BAL,86.2,Curveball,103.5,31,408
PHI,AZ,86.5,Split-Finger,105.5,28,408
ATH,HOU,94,4,100.5,34,408
SF,ATH,90.4,4,111.2,19,408
BAL,CWS,94.5,4,105.9,35,408
LAD,ATH,89.5,Changeup,108.7,29,408
COL,SD,93.2,4,101.8,27,408
ATH,CIN,82.7,Slider,101.7,27,408
SD,COL,88.6,Changeup,102.3,31,408
SD,COL,92.8,4,105.8,25,408
DET,KC,88.3,Cutter,103.3,33,408
WSH,CIN,88.1,Changeup,104.1,29,408
TOR,COL,99,4,103.1,30,408
CLE,CWS,81.2,Curveball,104,27,408
CHC,AZ,94.4,4,108.5,24,408
KC,COL,84,Changeup,100.9,31,408
CWS,KC,90.5,Cutter,103.7,27,408
KC,CWS,89,Changeup,107.1,19,408
CHC,BAL,92.8,4,108,24,408
MIL,PIT,95.2,4,104.8,32,408
PHI,NYM,99.9,4,111.8,22,408
BOS,PIT,98.8,4,108.6,29,408
KC,AZ,90.4,Sinker,104.2,30,408
MIL,COL,85.2,Slider,102.2,37,408
ATH,LAA,91.9,Cutter,101.7,29,408
SF,COL,95.6,4,105.1,25,408
LAA,TB,85.1,Slider,107.5,29,408
NYM,WSH,79,Curveball,107.5,34,408
MIA,WSH,93.7,4,103.5,28,408
LAD,COL,97.9,4,112,30,408
MIN,TOR,96.6,4,105.6,26,408
SEA,SD,82.2,Sweeper,111.7,23,408
MIN,CWS,90.4,4,107.7,25,408
TOR,NYY,93.5,Sinker,100.9,30,408
ATH,TB,96,Sinker,111.1,20,408
CLE,CWS,93.6,Sinker,107.3,28,408
HOU,LAA,79.7,Changeup,108.3,23,408
BOS,TOR,93.4,Sinker,106.2,30,408
MIN,PHI,94.8,4,105.8,33,408
CIN,PIT,95.3,4,102.8,27,408
PHI,MIA,96.9,4,104.6,35,408
BOS,BAL,83.8,Slider,108.1,22,408
AZ,STL,93.4,4,107.2,30,408
MIL,PIT,97.1,4,106.7,24,408
TOR,DET,78.3,Sweeper,105.3,25,408
TB,DET,93.6,4,109.6,22,408
NYY,HOU,92.6,4,107.3,32,408
CLE,CWS,87.6,Cutter,109.7,33,408
LAA,DET,95.4,4,105.6,27,408
LAA,ATL,91.5,Sinker,104.9,33,408
TOR,NYY,91.8,Sinker,105.7,27,408
CHC,STL,91.7,4,107.1,37,408
SEA,TB,81,Curveball,105,30,408
BOS,DET,86.7,Changeup,105.9,28,408
CLE,LAA,93.3,4,104.5,29,408
LAD,PHI,88.9,Sweeper,107.8,32,408
LAD,PHI,85.6,Slider,105.2,25,408
PIT,MIN,77,Curveball,108,36,408
MIN,BAL,83.6,Slider,104.4,27,408
TOR,AZ,92.5,4,106.1,35,408
TEX,NYY,83.6,Changeup,101.6,27,408
BAL,TOR,91.9,Sinker,104.9,26,408
LAA,TEX,96.1,4,105.1,26,408
NYM,WSH,94.3,4,107,31,408
MIL,DET,85.9,Changeup,101,27,408
MIL,PHI,96.9,4,105.8,29,408
HOU,ATH,82.9,Changeup,107.3,36,408
MIA,SEA,93.1,Sinker,108.2,28,408
LAA,CLE,87.3,Cutter,107.5,32,408
BOS,TB,92.5,4,106.3,24,408
CLE,SEA,84.4,Split-Finger,103,29,408
NYM,DET,84,Changeup,108.8,36,408
PIT,LAD,97.5,4,105.8,30,408
LAA,TEX,83.8,Cutter,110.3,27,408
TEX,SEA,88.8,Slider,102.9,28,408
BAL,DET,92.7,4,103.8,28,408
NYY,LAA,94.1,Sinker,111.8,20,408
DET,CIN,84.2,Changeup,103.9,28,408
TOR,AZ,86.4,Split-Finger,109.3,27,408
KC,CWS,93.1,4,103.7,26,408
LAA,HOU,78.6,Sweeper,104.7,28,408
TOR,LAA,79.5,Changeup,109,32,408
BOS,SF,81.2,Knuckle Curve,103.2,26,408
ATL,ATH,88.9,Cutter,100.8,30,408
SEA,LAA,88.1,Slider,104.7,27,408
NYY,NYM,82,Sweeper,104.6,29,408
LAD,CWS,90.3,Slider,116.3,42,408
PIT,STL,94.8,Sinker,106.7,26,408
NYM,LAD,91.9,4,110.3,24,408
ATH,CLE,82.9,Slider,110.4,17,408
NYY,BAL,84.8,Sweeper,112.2,39,408
PIT,PHI,87.9,Slider,106.6,26,408
DET,TOR,94.7,4,107.5,33,408
TB,TOR,96.1,4,105.7,28,408
LAA,DET,89.1,Split-Finger,102.4,34,408
SEA,TEX,96.7,4,104.5,27,408
MIA,PIT,95.5,4,105.5,27,408
NYY,LAA,88,Sinker,104.2,30,408
BAL,CIN,92,4,105.9,29,407
SEA,CLE,92.7,4,108.2,31,407
TEX,ATH,78.6,Slider,104.1,31,407
NYY,TOR,95.2,4,110.6,30,407
DET,PIT,85,Slider,101.2,33,407
PHI,BOS,86.5,Slider,107.7,23,407
MIN,ATL,84.8,Changeup,111.8,20,407
NYM,ATL,83.8,Split-Finger,101.8,29,407
DET,PIT,77.1,Curveball,100.5,28,407
CWS,SEA,84.1,Sweeper,110.6,27,407
BOS,BAL,88,Split-Finger,103.6,27,407
HOU,TB,95.1,4,100.7,36,407
CWS,ATH,83.6,Slider,106.3,33,407
WSH,PIT,98,4,108,22,407
AZ,MIN,89.2,4,109.5,23,407
NYM,STL,91.2,Sinker,105,34,407
LAA,TEX,80.3,Sweeper,103.9,34,407
TOR,CLE,76.9,Sweeper,105.3,27,407
CWS,HOU,88.5,Changeup,110.1,26,407
SEA,BOS,89.4,Changeup,106.7,30,407
PHI,SD,84.1,Sweeper,106.6,33,407
KC,CWS,93.9,4,108.4,21,407
KC,BAL,95.3,Sinker,106.7,35,407
MIL,SF,95.3,4,106.6,28,407
BOS,COL,96.3,4,106.7,24,407
MIA,CIN,93.5,4,104.9,24,407
SEA,MIN,78.4,Sweeper,107.8,36,407
PIT,LAD,95.2,4,102.5,28,407
CHC,SD,95.6,4,105.4,27,407
TEX,CHC,78.7,Sweeper,108.6,30,407
HOU,STL,96,4,103.6,29,407
LAD,SD,94,4,107.7,31,407
CWS,SD,99.2,4,108.7,22,407
BOS,CIN,98.6,4,108.5,38,407
SF,COL,94.8,4,109.8,20,407
AZ,BOS,94.3,4,111.9,20,407
PHI,ATL,85.5,Changeup,108.9,24,407
ATL,PIT,91,Slider,101,27,407
NYM,CHC,91.2,4,106.6,34,407
STL,CHC,83.6,Split-Finger,104.9,31,407
LAD,CWS,86.7,Slider,106.7,28,407
TOR,BAL,95.3,4,104.8,24,407
MIA,LAD,94.4,4,108.9,21,407
BAL,TOR,95.2,4,102.7,30,407
STL,CIN,82.6,Split-Finger,107.2,29,407
HOU,PIT,82.1,Sweeper,105.5,30,407
CIN,STL,86.9,Changeup,102.1,31,407
LAD,NYM,95.1,4,108.3,30,407
SF,MIN,81.3,Curveball,105.4,29,407
SEA,ATH,92.1,4,106.5,26,407
CIN,ATL,94.8,4,102,23,407
ATL,MIL,91.7,4,106.5,25,407
AZ,CHC,93.7,4,104.2,38,407
CIN,ATL,82.7,Slider,107.6,23,407
HOU,TEX,98.9,4,107.2,31,407
LAA,TOR,96.5,4,107.9,29,407
KC,TEX,90.8,Sinker,102.8,24,407
KC,TEX,84.8,Changeup,107.2,23,407
TOR,TB,96.9,4,106.7,25,407
LAA,TEX,81.3,Slider,102.1,31,407
WSH,COL,87.2,Cutter,102.5,29,407
NYY,LAD,92.3,4,102.8,33,407
NYM,COL,91.2,4,107.5,34,407
ATH,TOR,97.2,4,105.7,30,407
NYY,LAA,97.3,Sinker,110.2,36,407
WSH,TEX,78.2,Slider,102.2,32,407
ATL,MIL,90.2,4,103.4,29,407
TB,MIN,86.3,Changeup,102.1,35,407
ATL,COL,88.3,Slider,110.1,20,407
MIL,PHI,91.6,Sinker,103.4,32,407
BAL,SD,86.1,Cutter,104,29,407
ATH,LAA,90.1,4,103.6,22,407
TB,TOR,87.3,Cutter,103.8,27,407
LAD,CIN,92.8,4,100.5,32,407
BOS,COL,93.1,4,104,26,407
BOS,WSH,79.4,Slider,109.7,24,407
HOU,TB,81.2,Sweeper,101.3,30,407
COL,WSH,80.8,Sweeper,106.7,26,407
TOR,SF,81.2,Sweeper,107.9,34,407
NYM,ATL,90.1,4,107,29,407
LAD,LAA,85.5,4,107.3,30,407
NYM,BAL,90.8,Slider,105.3,30,407
PIT,NYM,82.4,Slider,107.9,25,407
NYY,CWS,94.1,Sinker,106.8,25,406
KC,CHC,93.5,4,102.1,26,406
NYM,WSH,93.4,4,105.9,32,406
PHI,MIA,97.4,Sinker,109.3,20,406
MIN,CIN,83,Curveball,101.4,29,406
LAD,CLE,95.4,4,105.9,31,406
NYM,LAD,78.7,Knuckle Curve,107,22,406
BOS,CWS,78.5,Sweeper,105.2,27,406
COL,MIA,89.3,Slider,102.9,29,406
NYY,BOS,93.9,Sinker,106.7,30,406
BOS,TB,86.3,Slider,103,34,406
SD,PIT,93.8,Sinker,108.6,26,406
STL,ATL,88.9,Split-Finger,108,22,406
SD,ATH,84.6,Sweeper,108.7,33,406
MIN,BOS,85.1,Sweeper,108.9,22,406
LAD,MIA,86.5,Slider,110.9,26,406
LAD,PIT,95.3,4,105.1,27,406
BOS,CLE,90.4,4,108.7,32,406
MIA,SEA,86.3,Sinker,106.9,21,406
ATH,TEX,81.6,Sweeper,102.7,23,406
MIN,DET,80.2,Sweeper,102.2,33,406
ATL,LAA,89.3,Cutter,103.5,25,406
CIN,COL,85.1,Slider,103.8,27,406
AZ,SD,82.7,Split-Finger,102.9,27,406
LAA,KC,97.8,4,107.9,22,406
TEX,CLE,75.2,Curveball,105.8,23,406
LAD,AZ,82.4,Changeup,102.3,29,406
CHC,CIN,92,4,104.1,34,406
SD,ATL,97,4,106.8,22,406
TEX,PHI,91.7,4,107.3,25,406
MIL,PIT,88.6,Sinker,105.3,30,406
PHI,MIL,101.1,4,100.7,28,406
ATH,WSH,92.3,4,107.6,34,406
MIA,SEA,77.8,Slider,107.1,31,406
DET,HOU,92.6,4,109.6,32,406
CWS,MIN,83.1,Sweeper,104,35,406
KC,TOR,53.7,Eephus,101.1,30,406
STL,WSH,80.8,Curveball,105.5,30,406
BAL,TEX,94.7,4,104.5,34,406
BAL,TOR,84.6,Slider,104.3,24,406
CLE,KC,87.9,Cutter,101.8,27,406
KC,STL,77.2,Curveball,105.4,29,406
BOS,CHC,94.8,4,108.8,25,406
ATH,CLE,93.9,Sinker,100.5,26,406
NYY,TB,81.6,Sweeper,106,29,406
MIL,CIN,90.5,Cutter,102.3,29,406
MIL,WSH,88.3,Cutter,102.1,26,406
CIN,STL,89.3,Slider,105.2,25,406
LAD,NYM,98.4,4,109.2,22,406
CWS,BAL,94.5,4,102,28,406
STL,WSH,94.6,4,104.7,32,406
ATH,TOR,94.4,4,106.5,34,406
TOR,ATH,87.1,Split-Finger,109.8,27,406
TEX,KC,93.2,4,106.8,25,406
CWS,MIN,90.7,Changeup,109.3,36,406
NYY,ATL,83.8,Slider,105.1,36,406
NYM,PHI,97.1,4,102.3,30,406
COL,SD,90.1,Cutter,106.6,30,406
BAL,SD,89.1,4,106.8,29,406
BAL,NYM,97.1,4,104.6,25,406
CLE,MIN,96.8,Sinker,105.2,34,406
CHC,MIL,95.6,4,108.4,28,406
CLE,AZ,90.2,Cutter,105.1,35,406
TB,MIN,91.9,Sinker,103.1,36,406
SF,NYY,85.5,Slider,103.2,29,406
SD,MIA,91.2,Cutter,104.8,28,406
MIA,KC,87.3,Changeup,103.9,28,406
ATL,KC,72.5,Curveball,100.4,35,406
COL,PIT,87,Slider,103.2,25,406
DET,AZ,96.5,4,108.1,26,406
MIA,MIL,86.3,Cutter,112.4,28,406
AZ,MIL,94.2,Slider,100.9,29,406
MIN,CHC,87.2,Split-Finger,104.6,24,406
MIL,COL,94.3,4,102.7,22,406
CWS,CHC,94.9,Sinker,104.3,23,406
MIN,BAL,81.1,Curveball,103.2,21,406
CIN,CWS,90.6,Sinker,106.6,26,406
CLE,COL,84.5,Sweeper,106.5,34,406
DET,MIN,90.2,4,101.6,38,406
MIA,PHI,97.3,4,106.6,31,406
ATH,TEX,91.1,Sinker,106.6,26,405
NYY,TOR,87.2,Slider,102.1,26,405
LAD,MIN,100.1,Split-Finger,107.5,28,405
TOR,COL,82.4,Knuckle Curve,102.6,29,405
CWS,SEA,81.6,Slider,102.6,26,405
CHC,MIA,94.5,4,104.9,30,405
BAL,TB,86.5,Slider,109.1,23,405
STL,CWS,86.9,Slider,104.8,21,405
BAL,STL,94,4,106.1,24,405
LAD,PHI,89.6,Sinker,104.4,36,405
PHI,KC,94.8,4,107.8,21,405
LAA,AZ,94.6,4,103.4,35,405
SEA,DET,93.3,Sinker,107.1,26,405
MIL,WSH,84.4,Slider,105.1,29,405
HOU,LAD,93.5,Sinker,107.7,22,405
SEA,CWS,95.8,4,108.3,23,405
WSH,NYM,95,4,109.6,31,405
TEX,ATH,92.9,Sinker,105.6,24,405
NYM,PHI,90.7,4,104.6,29,405
CWS,BOS,96,4,110.5,25,405
PIT,AZ,95.3,4,108.7,25,405
CWS,TB,95.9,Sinker,107.5,30,405
MIL,CIN,86.5,Cutter,108.3,22,405
SEA,STL,94.2,4,105.7,34,405
NYM,MIN,90.7,Changeup,107.9,35,405
BAL,LAA,88.7,Slider,104.8,35,405
PIT,MIA,87.6,Split-Finger,103.5,23,405
TOR,NYY,95.9,4,105.4,34,405
PHI,CIN,96.7,4,105.8,26,405
CIN,PIT,87.4,Slider,103.4,28,405
SD,TOR,90.7,Split-Finger,106.8,21,405
DET,CLE,85.3,Slider,108.4,28,405
NYY,COL,92,4,104.6,35,405
SF,SD,91.5,Sinker,104.1,25,405
BOS,DET,98.9,Sinker,105.3,29,405
ATL,BAL,94,4,107.4,26,405
NYY,NYM,87.1,Cutter,101.2,31,405
HOU,MIA,87.6,Split-Finger,110.3,35,405
LAD,AZ,79.5,Curveball,103.7,31,405
KC,BOS,97.1,4,103,29,405
LAD,SF,92,4,99.9,31,405
SD,ATL,93.5,4,99.4,30,405
CHC,AZ,86.7,Changeup,103.6,26,405
TB,MIL,89.9,Sinker,109.8,22,405
SD,MIN,97.2,4,107.2,24,405
LAD,MIA,86.3,Slider,101,28,405
AZ,LAD,94.8,Cutter,108.7,27,405
COL,PHI,86.3,Slider,106.1,30,405
SEA,ATH,80.3,Sweeper,103.4,27,405
NYM,PHI,94.9,4,104.1,25,405
PIT,CLE,91.5,4,104.6,26,405
MIA,LAD,95.6,4,103.4,32,405
MIL,MIA,87,Split-Finger,100.2,27,405
CLE,NYY,93.9,4,104,29,405
TEX,LAA,91.7,Sinker,105.3,29,405
SEA,DET,77.4,Knuckle Curve,102.9,29,405
KC,TEX,86.3,Changeup,101,32,405
CHC,LAA,88.5,4,101.3,30,405
TEX,ATH,92.4,Sinker,103.3,25,405
COL,TB,90.1,Cutter,104.5,25,405
AZ,COL,71.5,Knuckle Curve,98.8,31,405
SF,SD,90.1,4,110.4,21,405
CWS,ATL,83.9,Slider,103.9,25,405
DET,HOU,92.1,4,108.5,31,405
BAL,TB,95.7,4,103.3,27,405
PHI,LAA,93.8,4,107.5,37,405
CHC,STL,96.2,4,106.1,27,405
TB,ATL,85.4,Slider,103.6,25,405
PHI,ATL,83.9,Slider,100.7,30,405
CHC,HOU,83.3,Sweeper,105.8,26,405
CIN,LAD,86.1,Slider,103.5,31,405
DET,PHI,95,Sinker,104.7,23,405
SEA,NYM,93.2,4,105.3,26,405
CHC,WSH,89.2,Cutter,108.6,33,405
ATH,LAA,94.8,4,107.1,26,405
SD,MIL,93,4,105.6,24,405
BAL,MIN,77.3,Curveball,107.3,28,405
LAA,SD,80.9,Curveball,104.9,27,405
KC,HOU,79.1,Sweeper,105.2,29,405
MIN,SD,88.8,Slider,105.3,25,405
NYM,LAA,89.2,Sinker,106.3,25,404
KC,CHC,92.1,4,109.5,24,404
CHC,KC,99.8,4,99.4,34,404
AZ,LAD,96.4,4,107.9,22,404
MIL,BAL,86.6,Cutter,103.3,30,404
BOS,MIL,93.2,4,104.4,33,404
COL,SD,89.7,Changeup,106.5,22,404
CWS,BAL,94.5,4,103.4,31,404
KC,PHI,78.3,Knuckle Curve,100.8,25,404
TOR,BAL,93.6,4,106.4,31,404
PIT,COL,91.2,4,103,24,404
MIL,AZ,84.3,Slider,104.6,24,404
COL,CIN,82.2,Changeup,103.9,36,404
MIA,SEA,93.5,Sinker,105.1,18,404
SD,SEA,83.3,Knuckle Curve,108.9,19,404
LAD,TEX,90.3,Cutter,108.1,35,404
BOS,ATH,97.5,4,109.7,23,404
SD,CHC,85.3,Knuckle Curve,106.1,29,404
DET,NYY,83.7,Slider,102.4,25,404
MIN,KC,84.9,Slider,107.7,36,404
BAL,CIN,91.5,4,105.4,35,404
TOR,BAL,91.6,4,105.7,23,404
MIN,TEX,92,4,109,25,404
KC,NYY,94.3,Sinker,107.2,38,404
CWS,WSH,93.5,Sinker,100.1,28,404
NYM,COL,97.3,4,101.8,36,404
WSH,ATL,95.1,4,107.9,39,404
CWS,LAD,94.3,Sinker,109.4,22,404
TOR,BOS,87.7,Slider,106.2,28,404
TOR,NYY,76.9,Curveball,100.3,29,404
NYM,COL,90.5,Changeup,109.5,31,404
TB,LAA,90.7,4,106.1,34,404
CIN,SEA,94.8,4,104.1,34,404
WSH,SEA,87,Slider,110.4,18,404
LAA,KC,81.7,Sweeper,109,38,404
LAA,KC,85.8,Cutter,106.7,24,404
ATL,MIA,98.4,4,102.2,33,404
MIA,ATL,91.6,Sinker,101.8,31,404
KC,WSH,95.8,Sinker,102.2,29,404
BOS,BAL,54.8,Eephus,102.6,34,404
HOU,NYY,97,4,107.7,27,404
ATL,MIA,84,Sweeper,99,30,404
STL,BOS,93.3,4,106.1,28,404
SEA,ATL,84,Slider,101.4,38,404
TB,ATH,84.8,Slider,103.9,31,404
LAA,STL,92.6,Sinker,103.3,31,404
PIT,LAD,96.7,4,105.3,23,404
CHC,NYM,96.3,4,106,28,404
COL,SD,95.6,4,106.6,29,404
SEA,TEX,99,4,110.4,23,404
LAD,STL,94.3,4,102.8,32,404
TOR,COL,95.5,4,109.9,21,404
CHC,STL,91.7,Sinker,110.2,19,404
LAA,SEA,94.6,4,104.6,34,404
MIA,ATL,85.3,Curveball,102.5,27,404
ATL,WSH,95.3,Sinker,102.8,28,404
STL,CWS,92.9,4,106.5,30,404
AZ,SD,82.5,Sweeper,105.6,36,404
NYY,HOU,92.1,Cutter,106.3,28,404
MIA,DET,97.6,4,110.8,23,404
STL,PIT,84.4,Sweeper,103.8,26,404
KC,BAL,92.5,Sinker,99.6,28,404
ATH,TOR,85.8,Split-Finger,103.5,28,404
PHI,MIL,91.1,Sinker,102.2,31,404
MIL,DET,87.9,Changeup,107.9,34,404
PHI,CIN,94.3,4,112.2,39,404
TOR,BOS,85.8,Curveball,111.8,17,404
ATL,MIL,92.4,4,107.1,26,404
LAA,BOS,96.5,4,104.3,31,404
AZ,ATL,84.5,Slider,105.6,25,404
TB,SEA,91.7,Sinker,107.1,28,404
PHI,SEA,97.2,4,107.2,24,404
SEA,PHI,84.9,Cutter,106.7,35,404
STL,NYY,87.1,Slider,103.2,23,404
CWS,ATL,96.9,4,103.8,24,404
COL,WSH,80.6,Curveball,105.2,22,404
TOR,STL,97.5,Sinker,103.2,25,404
KC,PIT,95.9,4,104.8,25,404
AZ,ATH,93.4,4,103,31,404
SD,NYM,82.2,Changeup,107.6,23,404
BOS,MIN,80.9,Changeup,104.2,38,404
DET,PHI,86.2,Cutter,109.7,38,404
COL,AZ,83.9,Changeup,101.4,36,404
NYM,SEA,95.7,Sinker,107.8,33,404
LAD,LAA,92.4,Cutter,114.8,29,404
MIA,PIT,96.9,4,106.2,27,404
PHI,SEA,86.9,Slider,105.3,37,404
SEA,BAL,79.4,Curveball,108.6,26,404
MIN,SEA,96,4,100.5,29,404
WSH,BAL,81.3,Sweeper,102.6,27,404
STL,PHI,90.8,4,106.7,22,404
CHC,MIA,86.2,Changeup,103.3,32,404
TOR,ATH,79.4,Changeup,99.9,35,404
LAD,NYM,96.6,4,109.9,34,404
BOS,CWS,78.8,Curveball,99.9,29,404
MIN,TOR,86.9,Cutter,104.1,27,404
WSH,CIN,81.7,Sweeper,108.2,31,403
ATH,LAA,94.4,4,104.4,27,403
ATH,ATL,85,Changeup,108.5,28,403
SF,KC,92.3,Cutter,102,29,403
STL,KC,93.8,Sinker,105.7,32,403
CHC,LAD,87,Slider,107.8,35,403
LAD,CLE,92.6,4,106.1,33,403
BAL,TEX,88,Slider,107.3,31,403
BAL,TOR,81.3,Curveball,108.2,23,403
BOS,NYY,94.6,4,105.7,27,403
SD,COL,83.2,Curveball,100.3,27,403
SF,NYM,94.4,4,105.9,32,403
MIA,BAL,87.4,Split-Finger,105.6,25,403
TOR,BOS,82.7,Changeup,104.6,29,403
ATH,NYY,80.7,Sweeper,104.3,33,403
LAA,PIT,86.3,Slider,103.3,27,403
ATL,MIN,93,4,111.5,19,403
CIN,BAL,79.2,Other,107,28,403
TEX,ATH,86.6,Cutter,101.2,34,403
STL,PIT,91.4,4,105.3,23,403
LAA,TB,97.4,4,106.6,25,403
ATL,TB,95.3,Sinker,108.9,20,403
DET,MIL,94.8,4,108,23,403
ATL,TB,87.5,Slider,103.9,25,403
TEX,MIN,82.8,Slider,103.3,32,403
ATH,HOU,91.8,4,108.4,36,403
SD,CIN,85.5,Slider,103.7,35,403
AZ,MIA,96.2,4,102.5,30,403
CIN,SD,88.3,Slider,104.9,25,403
AZ,SF,95.5,Sinker,103.9,22,403
KC,CWS,95.2,Sinker,109.9,23,403
PHI,TEX,79.2,Slider,102.1,30,403
CWS,MIA,95.8,4,106.2,33,403
LAD,MIA,86.1,Slider,109,33,403
PIT,ATL,85.4,Slider,105.2,36,403
HOU,SEA,94.8,Sinker,106.8,25,403
MIN,KC,83.7,Slider,107.1,26,403
LAD,NYY,89.3,Changeup,104.9,32,403
AZ,SF,88.9,Slider,114.6,22,403
TOR,NYY,88.3,Sinker,104.2,29,403
LAD,NYY,94.6,4,103.8,24,403
NYY,PIT,93.7,Sinker,106.7,30,403
HOU,SD,91.5,4,107.8,24,403
PIT,STL,88,Slider,106.7,24,403
AZ,MIN,91.3,4,103.9,32,403
TEX,DET,92.6,4,105.9,25,403
BOS,KC,83.1,Slider,105.8,34,403
SEA,TOR,95.3,4,104.3,30,403
CIN,AZ,81.1,Knuckle Curve,104.6,25,403
LAD,ATH,91.2,Slider,108.2,28,403
NYY,AZ,95.7,4,107.8,27,403
KC,SD,95.3,4,105.5,28,403
MIL,AZ,88.2,Cutter,101.7,28,403
WSH,COL,96.8,Sinker,110,20,403
MIN,CIN,89.7,Cutter,107.8,31,403
AZ,COL,84.3,Slider,103.8,33,403
TEX,ATH,86.5,Slider,100.2,24,403
DET,TOR,95.3,4,105.9,26,403
NYY,HOU,80.8,Changeup,108.2,33,403
PHI,TB,89.5,Slider,107.9,22,403
BOS,TB,95.7,Sinker,99.7,30,403
AZ,CIN,81,Curveball,106.3,35,403
NYY,BAL,92.5,4,103,35,403
MIN,CLE,95.7,4,103.1,28,403
NYM,WSH,52.9,Eephus,102.8,27,403
TOR,MIN,93.1,4,103.6,25,403
KC,TOR,93,4,104.8,27,403
MIA,TB,91.5,4,100.6,30,403
MIA,WSH,84.1,Split-Finger,107.6,26,403
HOU,PIT,92.6,4,103.6,32,403
CHC,PIT,78.2,Curveball,107.8,32,403
AZ,CIN,81.1,Split-Finger,106.8,23,403
AZ,STL,92.6,Sinker,104,32,403
LAD,BOS,97,4,108.4,35,403
CIN,PHI,91.2,4,103.2,29,403
TB,NYY,81.2,Slider,101.4,34,403
MIN,BOS,85.6,Sweeper,104.2,32,403
NYY,MIA,84.8,Changeup,105.2,30,403
MIA,CLE,91.3,Cutter,101.5,25,403
WSH,KC,78,Curveball,103.5,32,403
LAD,SF,99.9,4,107.4,33,403
MIA,CLE,86.4,Sweeper,105.4,26,403
NYM,CHC,93.1,4,101.8,28,403
SD,MIN,95,4,105.2,30,403
CIN,CHC,91.9,4,105.8,25,403
LAA,HOU,92.1,Sinker,108,37,403
BAL,WSH,85.2,Slider,103.3,26,402
LAA,BAL,92.4,Sinker,109,28,402
BAL,BOS,81.6,Curveball,101.7,32,402
LAD,SF,95.3,4,101.7,26,402
DET,CLE,91.6,4,110.9,25,402
WSH,PIT,85.2,Slider,104.6,24,402
TOR,BAL,84.1,Sweeper,105.1,32,402
WSH,SD,92.8,4,106.7,24,402
ATH,WSH,96.2,4,104.8,34,402
SD,PHI,95,4,104,26,402
SEA,DET,85.3,Changeup,110.2,25,402
TOR,ATH,87.9,Cutter,100,28,402
ATH,MIN,92.4,Sinker,109.9,22,402
LAD,PIT,88.2,Cutter,107.7,25,402
LAD,PIT,82.9,Slider,106.2,32,402
ATH,ATL,95.5,4,96.3,33,402
DET,SD,92.1,4,108.3,27,402
NYM,STL,91.6,4,103.5,35,402
MIA,HOU,91,4,103.7,23,402
MIA,WSH,89.5,4,101.8,26,402
COL,LAD,94.3,4,102,28,402
HOU,SEA,81.5,Curveball,107,23,402
PHI,ATL,84.5,Slider,101.4,26,402
SD,CIN,91.8,4,100.4,29,402
TOR,STL,94.1,Sinker,104,29,402
SF,NYM,95.8,4,101.4,32,402
NYM,ATL,84.1,Slider,107.7,23,402
MIN,DET,89.2,Split-Finger,109.6,39,402
PIT,NYM,84.7,Sweeper,106.3,32,402
NYY,ATH,84.8,Sweeper,110.2,36,402
CIN,DET,90.4,4,110.1,28,402
AZ,TEX,76.7,Curveball,100.7,28,402
CHC,NYM,94.5,Sinker,105.2,31,402
SD,HOU,79.7,Curveball,105,27,402
KC,LAA,88,Slider,103.5,32,402
DET,CLE,92.6,4,105.1,26,402
HOU,LAA,96.3,4,104.8,32,402
LAA,CLE,82.2,Changeup,105.7,30,402
HOU,MIN,79.5,Sweeper,104.8,37,402
MIN,TB,88.3,Slider,103.9,32,402
MIL,TB,91.8,Split-Finger,108.4,20,402
ATH,LAD,39.7,Eephus,104.1,26,402
BOS,KC,83.6,Slider,101.1,24,402
STL,NYM,96.5,4,105.3,28,402
MIN,DET,89.3,Cutter,102.4,32,402
BAL,TOR,87.8,Slider,105.7,32,402
MIN,BAL,94.1,4,105.8,28,402
CIN,SF,94,4,107.9,22,402
BOS,SEA,95.3,Sinker,107.3,21,402
ATH,SEA,94.6,4,104.6,23,402
LAD,MIA,98.2,4,99.8,32,402
SF,COL,94.6,Sinker,106.1,29,402
NYY,CWS,93.5,4,105.7,26,402
DET,CLE,92.5,Sinker,110.3,30,402
COL,ATL,84.5,Slider,104.4,40,402
BAL,TEX,93,Sinker,101.4,33,402
HOU,LAA,93,Sinker,101.6,29,402
SF,BOS,81.1,Sweeper,106.6,31,402
CLE,SEA,94.6,4,104.4,25,402
SF,COL,94.3,4,110.2,33,402
CIN,CHC,91.6,4,101.1,25,402
TB,TOR,86.2,Cutter,109.5,29,402
TB,WSH,94,4,101.5,27,402
MIN,KC,93.2,4,109.1,36,402
CLE,ATH,92.5,4,103.7,27,402
CHC,MIL,95.7,Sinker,101.9,26,402
BOS,CHC,83.4,Knuckle Curve,103.1,33,402
DET,HOU,87.6,Slider,105,22,402
HOU,BAL,81.9,Slider,101.9,31,402
PHI,SF,89.8,Changeup,110.7,27,402
CHC,STL,94.1,4,104.6,25,402
BAL,TOR,93.7,4,104.3,23,402
PIT,ATH,92.5,Sinker,101.9,31,402
TOR,CHC,77.2,Curveball,106.5,24,402
DET,CWS,95,Sinker,106.5,32,402
MIA,CLE,97,4,104,29,402
MIN,CLE,88.4,Slider,101.1,28,402
COL,LAA,94.3,4,100.9,33,402
ATL,WSH,96.3,4,106.5,33,402
LAD,WSH,89.4,4,104.3,30,402
BOS,ATL,85,Curveball,107.3,24,402
CWS,CHC,84.4,Sweeper,100.3,33,402
DET,TOR,72.7,Curveball,104.3,38,402
CHC,SEA,94.3,4,99.1,32,402
PIT,PHI,85.7,Slider,104.4,27,402
CWS,KC,87.8,Cutter,101.6,31,402
PIT,CIN,91,4,105.3,34,402
LAA,TOR,70.7,Curveball,110.1,35,402
SD,STL,93.2,Sinker,103.2,29,402
MIA,TB,86.5,Slider,104.9,23,401
AZ,CWS,95.5,4,106.7,23,401
BAL,BOS,93.7,4,103.7,27,401
BAL,COL,47.4,Eephus,107,31,401
LAA,LAD,94.4,Sinker,104.5,31,401
DET,MIA,86.8,Curveball,110.9,39,401
TB,CHC,84.2,Split-Finger,110.2,30,401
TEX,HOU,96.4,4,105.1,35,401
WSH,MIL,86.3,Slider,102.5,29,401
ATH,MIN,96.1,4,103.5,27,401
NYY,TOR,88.9,Cutter,107.7,29,401
TOR,NYY,92,Sinker,104.8,27,401
LAD,HOU,80,Curveball,102.4,27,401
NYY,DET,94.3,4,107.2,30,401
SF,AZ,87.6,Slider,105.6,18,401
ATL,PHI,82.1,Sweeper,100.7,30,401
KC,MIN,83.8,Changeup,105.4,23,401
AZ,BAL,81.1,Curveball,106.9,22,401
NYY,BAL,96.8,4,105.3,26,401
STL,CLE,94.2,4,103,29,401
MIA,AZ,89.9,4,106.8,28,401
ATH,BAL,87.3,Cutter,109.3,22,401
COL,CLE,94.9,4,106.1,42,401
LAA,LAD,95.6,4,106.5,36,401
HOU,BOS,87.6,Sweeper,104.2,29,401
TOR,NYY,85.8,Slider,108.2,21,401
CWS,DET,84.1,Changeup,109.4,24,401
BAL,ATH,96.1,4,101.4,26,401
SEA,KC,94.5,4,106,25,401
NYY,BAL,88.3,Split-Finger,108.1,23,401
AZ,STL,85.2,Slider,109.1,23,401
MIL,NYM,93.6,4,104.9,26,401
KC,AZ,90.9,4,103.9,29,401
CWS,COL,78.8,Curveball,99.9,37,401
WSH,AZ,91.3,Cutter,106.8,26,401
WSH,LAD,87.1,Slider,104.3,24,401
NYM,STL,91.4,Cutter,108.8,35,401
LAD,BAL,93.2,Sinker,106.9,27,401
PHI,MIA,97.7,4,106.2,29,401
TEX,DET,91.3,4,106.6,30,401
CWS,MIN,83.4,Changeup,104.3,35,401
PIT,PHI,79.8,Changeup,102.9,34,401
MIA,PHI,92.6,4,101.4,25,401
BAL,TOR,84.9,Slider,104.1,34,401
CLE,LAA,96.2,4,99.6,33,401
WSH,PHI,84.9,Knuckle Curve,107.4,34,401
LAD,DET,95.7,Sinker,108.6,21,401
ATL,SD,76,Changeup,103,33,401
CWS,MIN,85.9,Changeup,106.2,27,401
SD,LAD,89.9,Split-Finger,101.9,29,401
SD,COL,79.3,Slider,100.3,38,401
CWS,STL,90.8,Slider,105.7,25,401
SEA,MIN,96.3,4,105,30,401
WSH,LAD,84.6,Slider,104.6,31,401
AZ,COL,86.7,Changeup,97.5,29,401
CLE,KC,87.4,Cutter,104.7,36,401
CHC,MIL,92.8,Sinker,107.7,23,401
SD,SEA,88.1,Changeup,108.2,23,401
TB,CIN,81,Sweeper,101.2,29,401
KC,PHI,88.4,Split-Finger,105.4,23,401
CHC,AZ,93.2,Sinker,102.5,41,401
DET,LAA,72.8,Curveball,104.5,29,401
KC,SD,81.4,Curveball,111.2,22,401
AZ,LAD,95.9,Sinker,105.9,26,401
CHC,ATH,89.5,4,112.9,24,401
SF,BAL,94.7,4,100.8,29,401
TOR,MIN,86.1,Split-Finger,105,27,401
CWS,NYY,94.5,Sinker,106.6,31,401
DET,CWS,83.9,Changeup,106.8,37,401
KC,STL,91.9,4,106.2,32,401
SF,STL,84.4,Sweeper,103,32,401
SEA,DET,85.9,Changeup,109.5,22,401
CIN,NYM,96.3,4,107.3,28,401
WSH,PHI,87.3,Cutter,106.6,33,401
SD,NYM,81.7,Curveball,102.4,27,401
CLE,SEA,94.8,4,102.2,31,401
TEX,TOR,94.1,4,111,32,401
MIN,TOR,88.7,Sinker,105,21,401
TEX,NYY,95.6,Sinker,102.6,33,401
CIN,NYM,96.7,4,105.9,27,401
BAL,SD,86.9,Cutter,102.4,33,401
COL,MIA,95.1,4,109.5,37,401
NYY,SEA,85.7,Slider,106.1,32,401
DET,CLE,83.4,Slider,106.2,35,401
NYM,ATL,91.2,4,101.8,30,401
WSH,NYM,83.9,Sinker,104.8,21,401
CLE,CIN,96.8,4,105.9,39,401
MIN,BAL,77.3,Curveball,99.3,28,401
CIN,CWS,91,4,105.2,25,401
MIN,BAL,91.3,Sinker,104.3,35,401
TB,BAL,96.1,4,104.6,27,401
SEA,CWS,93.7,Sinker,109.1,20,401
HOU,TEX,88.4,Slider,103.3,28,401
LAD,AZ,85.4,Sweeper,103.9,32,401
LAA,TEX,83.6,Changeup,102.7,27,401
BOS,PIT,87,Slider,107.5,22,401
LAA,NYM,90.2,Cutter,107,26,401
LAD,COL,91.3,4,100.6,32,400
COL,WSH,96.6,4,105.2,26,400
LAD,SF,88.9,Cutter,103.3,32,400
STL,BAL,86.1,Slider,103.8,26,400
MIL,BOS,85.5,Slider,108.5,32,400
CHC,CIN,93.7,Sinker,101.6,28,400
PHI,KC,91.9,Sinker,105.3,28,400
ATL,WSH,80.5,Curveball,108.5,26,400
LAD,SF,91.7,4,110.1,35,400
ATH,CIN,92.4,Sinker,103.5,30,400
BAL,HOU,80.2,Sweeper,105.9,27,400
BAL,NYM,88,Slider,106.6,38,400
CWS,ATH,94.5,4,100.7,32,400
PHI,CIN,92.6,4,103.8,31,400
LAD,NYY,87.6,Changeup,102.6,32,400
PHI,SF,75.2,Curveball,103.1,31,400
WSH,MIA,93.2,4,110.5,21,400
PHI,ATL,94.9,4,107.5,24,400
HOU,CWS,93,4,103.8,31,400
LAA,WSH,93.8,4,106.2,26,400
WSH,LAA,85.9,Sinker,102.2,29,400
BOS,TOR,85.9,Changeup,105,27,400
TB,ATH,76.4,Changeup,98.9,26,400
LAD,TOR,86.7,Cutter,106.3,25,400
LAA,DET,81.6,Curveball,101.8,25,400
TB,BAL,87.9,Cutter,107.5,31,400
KC,LAA,86.3,Slider,103.1,25,400
PHI,ATH,101.4,4,101.4,30,400
BAL,LAA,77.6,Changeup,103.9,37,400
CLE,KC,90.8,4,108.1,25,400
ATH,TB,89,Slider,100.8,28,400
NYM,MIA,93.7,4,105.9,32,400
MIA,CHC,95.7,4,104.5,33,400
CHC,MIA,90.6,Cutter,107.8,32,400
WSH,PHI,91.9,4,102.4,26,400
CIN,BAL,79,Curveball,104.4,31,400
ATH,WSH,94.5,4,101.4,29,400
COL,ATH,95.4,4,104.3,30,400
LAA,CHC,92.1,4,98,33,400
SD,CHC,91.6,4,105.8,27,400
SF,CHC,93.2,4,104.1,23,400
SF,BOS,87.6,Cutter,105.8,34,400
HOU,ATH,93.7,Sinker,99.4,38,400
NYY,BOS,97.6,4,112.7,27,400
WSH,CHC,91.8,4,102.6,34,400
NYM,ATH,91.8,4,107.5,23,400
BAL,CLE,80.5,Changeup,105.6,30,400
SEA,LAA,88.1,4,106.9,30,400
CIN,CHC,86.8,Split-Finger,101.9,28,400
SD,WSH,88.2,4,107,23,400
COL,SF,91.6,4,105.6,30,400
CHC,PIT,89.8,Slider,104.1,32,400
STL,CIN,93.2,Sinker,102.9,31,400
BOS,LAD,84.8,Sweeper,99.6,30,400
HOU,SEA,93.7,Sinker,105.9,21,400
CHC,BOS,85.5,Slider,104.8,22,400
AZ,ATL,83.3,Slider,100.5,30,400
AZ,LAD,93.4,4,107.5,28,400
ATH,DET,90.7,Slider,97.7,31,400
SF,CHC,91.2,4,102.4,34,400
SF,SD,94.6,4,101.8,27,400
NYY,TB,91.8,Cutter,110,22,400
TB,LAD,79.2,Curveball,104.3,35,400
STL,SF,93.8,4,101.8,26,400
LAD,SD,99.2,4,106.8,22,400
AZ,TEX,91.6,Sinker,102.2,26,400
SD,LAD,74,Curveball,106.9,32,400
SF,LAD,86.2,Split-Finger,109.7,18,400
MIL,CLE,96.7,4,101.2,27,400
LAD,LAA,90.9,4,102.6,34,400
LAD,ATH,94.8,Sinker,107.6,33,400
ATL,BOS,77.3,Knuckle Curve,98.2,28,400
MIA,SD,84.5,Changeup,103.2,31,400
TOR,AZ,86.7,Split-Finger,108.3,21,399
LAD,SF,85.6,Slider,101.6,31,399
CHC,CIN,97.2,Sinker,116.2,22,399
COL,CHC,85.7,Changeup,102.5,29,399
CIN,KC,90.4,Sinker,104.9,28,399
MIL,WSH,84,Changeup,104.9,27,399
MIN,PIT,84,Curveball,105.9,22,399
CIN,COL,95.8,4,103.6,36,399
TOR,ATH,89.2,4,109.7,37,399
PIT,LAD,96.8,4,102.3,27,399
COL,KC,94,4,100.7,31,399
PHI,NYM,97.2,4,103,30,399
DET,SD,81.1,Split-Finger,103.3,29,399
SF,MIL,92.9,Sinker,103.1,32,399
SEA,TEX,90.2,Cutter,109.7,27,399
LAA,HOU,93.4,Sinker,111.5,22,399
HOU,TB,96.9,4,105.9,28,399
MIN,DET,95.9,4,112.5,22,399
AZ,BAL,95.3,4,103.3,31,399
MIN,KC,85.7,Slider,105.8,26,399
ATH,KC,94,Sinker,107.1,38,399
SEA,CLE,81.7,Sweeper,107.3,27,399
PHI,MIN,93.9,Sinker,105.3,23,399
CWS,LAA,95,Sinker,104.4,37,399
HOU,DET,95,4,105.7,33,399
CHC,LAA,93.4,Sinker,103,31,399
DET,MIN,87,Changeup,101.8,31,399
NYY,MIN,98.1,4,109,29,399
LAA,DET,94.7,Sinker,109.2,22,399
LAA,DET,81.6,Curveball,103.9,25,399
MIL,NYM,100.1,4,99.2,27,399
BOS,BAL,87.7,Cutter,106.2,25,399
BOS,TOR,92.4,4,103.5,27,399
TOR,TB,85.2,Changeup,101.7,26,399
AZ,STL,80.5,Curveball,107.7,30,399
SEA,ATH,92.6,Cutter,104.8,28,399
ATL,SD,87.5,Slider,107.2,29,399
ATL,CIN,77.3,Slider,100.8,27,399
NYY,STL,91.5,4,101.4,28,399
TEX,BAL,84.3,Sweeper,104,26,399
SD,STL,95.9,Sinker,105,35,399
MIA,CWS,83.5,Changeup,109,24,399
NYY,ATH,90.3,4,106,36,399
AZ,SF,95.4,4,107.2,29,399
MIA,CHC,92.4,4,103.6,30,399
PIT,PHI,80.6,Sweeper,112.3,24,399
AZ,CIN,93.9,4,102.2,30,399
TOR,COL,95.8,4,96.4,32,399
NYM,CIN,84.8,Slider,105.9,22,399
CHC,WSH,95.3,Sinker,104.9,30,399
CWS,DET,94.4,Sinker,101,28,399
CHC,SEA,95.7,Sinker,101.8,28,399
TOR,AZ,95.3,4,105.1,21,399
LAD,ATL,88.9,Changeup,102.5,31,399
KC,BAL,76.3,Curveball,105.2,25,399
KC,LAA,85.6,Sinker,101.2,27,399
CHC,MIL,83.3,Slider,107.3,28,399
CIN,ATL,84.3,Curveball,100.1,25,399
MIA,HOU,96,4,103.7,29,399
SF,SD,93.6,4,105,32,399
NYM,AZ,95.1,4,109.6,29,399
CIN,CLE,72.5,Curveball,107.2,23,399
MIN,ATH,84.4,Slider,103.4,31,399
LAD,BAL,94.9,4,108.2,27,399
KC,LAA,96.8,4,103.5,35,399
CWS,MIN,87,Slider,106.1,28,399
LAA,CHC,96.3,4,101,33,399
MIA,TOR,94.5,4,102,27,399
ATL,KC,77.5,Curveball,105.4,26,399
COL,CLE,91.5,4,107.2,28,399
CWS,LAA,95.4,4,100.8,33,399
SEA,PIT,98,4,110.2,22,399
SEA,HOU,95.5,Sinker,105.6,25,399
SEA,SD,93.2,Cutter,109.6,41,399
TB,TOR,92.6,4,105.6,37,399
DET,TOR,83.5,Changeup,103.6,27,399
STL,MIN,82.5,Slider,102.2,25,399
CIN,CLE,86.6,Slider,106.6,31,399
KC,SF,72.9,Slider,100.3,27,399
MIA,CHC,86.6,Cutter,101.9,29,399
AZ,NYY,94.2,4,106.8,32,399
DET,KC,94.3,Sinker,101.8,31,399
TB,STL,94,4,102.6,36,399
COL,BAL,94.6,4,101.1,27,399
PHI,ATL,89.1,Cutter,101.2,26,399
DET,TOR,90.9,4,97,31,399
TEX,ATH,78,Sweeper,102.1,31,399
BAL,CWS,89.2,Sinker,107,28,398
ATL,HOU,95.3,Sinker,109.7,47,398
ATH,CIN,90.2,Slider,107.2,24,398
MIN,PIT,90.7,4,100.8,29,398
MIA,BAL,76.1,Curveball,106.1,27,398
ATH,CWS,98.6,4,106.8,32,398
DET,BAL,95.6,4,104.5,31,398
PIT,LAA,87.2,4,108.1,25,398
BOS,SEA,96.1,4,103.7,32,398
CHC,LAD,94.1,4,103.6,33,398
SEA,TOR,86.4,Slider,110.7,28,398
KC,CLE,96.9,4,101,25,398
BAL,TOR,85,Changeup,105.4,26,398
COL,MIL,79.6,Curveball,105.6,22,398
MIA,NYM,90.6,Changeup,102.2,28,398
TEX,CHC,90.3,4,102.2,31,398
AZ,SD,87.5,Curveball,102.7,28,398
BOS,TB,96.1,4,108,32,398
ATH,MIL,92.7,4,105.3,28,398
HOU,CHC,95.1,4,105,33,398
BOS,HOU,81.9,Split-Finger,103.7,33,398
BOS,HOU,80.3,Slider,102.9,36,398
TB,DET,79.9,Sweeper,104.8,32,398
NYM,MIA,94,Sinker,102.6,23,398
ATH,HOU,91.4,4,108,24,398
COL,SF,78.3,Sweeper,108,22,398
LAD,AZ,80.2,Changeup,98.6,32,398
HOU,LAA,95.1,4,105.9,31,398
SEA,HOU,93.3,4,108.7,25,398
TEX,BOS,94.6,Sinker,105.9,30,398
NYY,ATH,89.6,Changeup,100.4,29,398
TOR,BAL,78.6,Curveball,100.2,29,398
TOR,BAL,93,Sinker,103.9,24,398
NYM,NYY,87.8,Changeup,106.8,29,398
AZ,ATH,86.1,Slider,102.4,35,398
SD,STL,94.8,4,101.5,29,398
SF,COL,88.2,Slider,101.6,33,398
PIT,NYM,90.8,Cutter,112.1,20,398
NYY,ATH,90.9,Cutter,111.2,27,398
NYY,BOS,96.8,4,108.9,31,398
MIL,CHC,93.1,4,108.6,21,398
TOR,COL,94.9,4,107.2,24,398
SEA,CIN,81.9,Slider,106.3,31,398
ATL,MIA,80.3,Sweeper,101.6,24,398
MIN,CIN,92.9,4,101.1,29,398
COL,WSH,89.4,Changeup,105.6,23,398
ATH,LAA,90.4,4,106.9,28,398
TOR,CIN,92.8,Sinker,110.8,15,398
LAD,TEX,98.3,4,104.3,29,398
CHC,MIL,89.1,4,103.7,26,398
LAD,ATL,94.4,4,100.9,31,398
MIN,BOS,84.4,Slider,109,26,398
DET,LAA,81.7,Sweeper,106.7,27,398
BOS,SF,93.6,4,102.3,24,398
TOR,BOS,83.2,Changeup,103.7,25,398
CLE,MIN,95.5,4,107.1,31,398
MIL,PIT,82.6,Changeup,102.4,22,398
KC,PHI,88.4,Cutter,100,33,398
NYY,CIN,94.4,4,107.2,40,398
CLE,TOR,91.9,4,109.6,21,398
CHC,SEA,81.2,Split-Finger,101.3,34,398
CWS,MIN,88.4,Slider,107,24,398
TB,TEX,95,4,103.4,30,398
NYY,CLE,95.1,4,101.6,25,398
ATH,MIN,87.1,Slider,100.4,28,398
DET,CWS,92.4,4,106.9,33,398
AZ,MIA,94.8,4,105.7,34,398
TEX,CLE,95,4,103.2,33,398
BOS,BAL,91.3,4,102.3,30,398
SEA,DET,88,Cutter,104.3,36,398
SF,TB,88.8,Cutter,101.8,32,398
AZ,ATH,87.9,Slider,101.1,30,398
STL,SD,95.4,4,105,30,398
MIL,WSH,91.2,4,103.8,21,398
LAA,ATH,77.9,Sweeper,102.9,32,398
COL,BOS,84.7,Sweeper,104.8,25,398
NYM,MIA,98.5,4,104.4,35,398
LAA,KC,84.3,Split-Finger,101.3,28,398
DET,HOU,93.8,4,104.2,33,398
CLE,CIN,91.9,Sinker,98,27,398
SEA,SD,91.7,4,106,26,398
HOU,KC,94.5,4,104.7,29,398
SD,SEA,83.2,Sweeper,103.4,25,398
TB,BOS,90.3,Cutter,109.1,21,398
NYM,SF,85.6,Slider,104.7,33,398
SEA,TOR,92.5,Sinker,102.9,33,398
BAL,CLE,81.5,Curveball,107.5,26,398
NYY,TEX,85.2,Slider,109.7,27,398
NYY,TOR,92.5,Sinker,110.1,24,398
ATH,DET,96.1,4,111.8,20,397
SD,LAD,94.6,4,101.8,29,397
STL,MIL,86.6,Cutter,102.3,32,397
STL,AZ,93.9,Sinker,104.4,26,397
KC,CIN,87.8,Cutter,102.5,42,397
BAL,STL,92.7,Sinker,107.6,21,397
ATL,DET,91.3,4,103.5,24,397
NYM,TEX,95.9,Sinker,105.1,25,397
BAL,CIN,79.9,Sweeper,102,34,397
LAA,CWS,79,Sweeper,103.1,33,397
AZ,MIA,86.7,Cutter,104.8,32,397
BOS,CWS,95.2,Sinker,103.4,26,397
CIN,MIA,83.7,Curveball,102.2,25,397
TB,CWS,92.2,4,106.9,28,397
CHC,SD,90.2,Slider,103.8,29,397
LAD,COL,85.9,Slider,101.2,25,397
TOR,ATL,94.8,4,100.3,34,397
MIN,LAA,84.9,Slider,102.8,30,397
LAD,WSH,81.9,Curveball,105.5,21,397
LAA,CLE,83.1,Slider,112.7,18,397
CLE,CIN,90,Changeup,103.6,27,397
SF,LAD,94.6,4,106.5,26,397
MIA,PIT,92.3,Sinker,104.2,25,397
CIN,TEX,93.8,4,106.9,28,397
SF,LAA,89.6,Changeup,102.1,27,397
TOR,CWS,84.3,Changeup,104,31,397
SEA,TB,99.6,4,107.3,27,397
LAA,LAD,87.5,Slider,106.7,23,397
HOU,NYY,84.9,Slider,102.8,30,397
KC,WSH,95,Sinker,103.5,21,397
LAA,PHI,77.8,Curveball,103.4,36,397
LAA,TEX,91.9,Changeup,101.9,37,397
CLE,LAA,94.5,Sinker,102.6,22,397
NYY,BAL,93.8,4,108.8,22,397
WSH,CWS,96,4,101.8,30,397
NYM,CHC,89.7,Cutter,105.1,30,397
NYM,MIA,94.1,Sinker,106.3,23,397
LAA,CWS,94.6,4,107,40,397
CLE,TEX,84.1,Changeup,105.7,28,397
WSH,CLE,88.5,4,106.2,30,397
PHI,ATL,84.7,Changeup,100.9,34,397
CHC,STL,85.5,Slider,103.1,25,397
CHC,STL,77.8,Curveball,110.6,22,397
PHI,CLE,92.6,Sinker,107.3,25,397
WSH,ATL,96.5,4,104.9,23,397
CHC,MIA,85.8,Cutter,108.1,32,397
TB,MIA,94.2,Sinker,100.4,36,397
NYM,AZ,95.6,Sinker,102.7,29,397
PHI,BAL,94.6,4,103.5,26,397
KC,CLE,81.2,Sweeper,103.8,27,397
CWS,LAA,94.7,4,104.6,30,397
LAD,DET,79.2,Sweeper,101.4,26,397
CIN,AZ,86.3,Sweeper,103.4,26,397
CWS,STL,88.1,Changeup,105.6,24,397
ATL,BOS,91,Cutter,104.9,30,397
MIN,CWS,85.5,Slider,108.7,22,397
LAA,CLE,93.7,4,104.2,30,397
TB,NYY,90.4,Cutter,108.6,38,397
TOR,ATL,79.9,Curveball,106.4,23,397
PHI,AZ,84.1,Sweeper,105.9,43,397
PHI,WSH,86,Slider,103.7,23,397
LAD,PHI,85.6,Cutter,106.4,35,397
BOS,TOR,84,Slider,106.9,25,397
BAL,NYY,94.6,4,105,35,397
WSH,AZ,83.5,Curveball,108.2,24,397
LAD,PHI,84,Slider,102.3,33,397
BOS,BAL,92.1,Sinker,103.8,32,397
SEA,CHC,84,Slider,106.3,41,397
MIL,PIT,90.8,4,104.6,21,397
ATH,BOS,87.6,Cutter,103.9,23,397
SF,COL,83,Sweeper,103.5,43,397
NYM,LAD,91.2,4,102.1,31,397
MIA,TOR,93.7,4,100.3,29,397
BAL,HOU,92.5,4,107.6,20,397
SEA,ATH,89.3,Slider,102.9,36,397
ATL,CWS,77.8,Curveball,100.6,36,397
SF,PIT,91.7,4,101.5,28,397
WSH,MIL,84.5,Slider,102.4,35,397
BAL,TOR,86.2,Changeup,96.5,30,397
TB,HOU,89.7,Slider,104.3,28,397
ATL,MIA,77.2,Sweeper,103.6,31,397
KC,TOR,88.5,Changeup,99.2,35,397
SD,SF,92.2,Sinker,112.7,25,397
KC,SF,91.6,Sinker,107.5,32,397
CHC,SF,92.3,4,103.1,29,397
HOU,AZ,94.2,4,108.5,37,397
KC,TEX,91.9,Changeup,110.3,22,396
SF,LAD,56.6,Eephus,108,27,396
SEA,LAA,95.9,4,107.8,29,396
STL,MIL,87,Curveball,104.7,24,396
PHI,LAD,92.3,4,99.9,26,396
NYY,MIL,88.8,Cutter,99.4,29,396
COL,WSH,95.5,4,104.7,31,396
CWS,LAA,87,Slider,104.7,31,396
LAA,MIN,82.8,Slider,102.7,27,396
AZ,ATL,96.7,4,102.6,33,396
BAL,CLE,94.9,4,107.9,34,396
STL,MIN,89.7,4,100.1,30,396
TB,CWS,83.1,Curveball,103.9,34,396
MIN,LAA,97.5,4,103.6,27,396
ATH,CHC,83.9,Slider,102.2,35,396
DET,MIN,95.2,4,110.5,29,396
BAL,CLE,90.2,4,99,33,396
CIN,CLE,93,4,100,26,396
TEX,MIN,63.4,Other,102,28,396
TEX,CWS,93.3,Sinker,101.9,30,396
BOS,SEA,80.1,Curveball,105.6,30,396
MIN,KC,95.8,4,100.3,30,396
MIN,NYY,83.3,Sweeper,103.1,26,396
SEA,KC,93.8,Sinker,104.8,23,396
AZ,SF,86,Slider,99.8,32,396
CHC,STL,75.9,Curveball,108.4,33,396
CHC,NYM,86.1,Sweeper,101.9,28,396
LAD,AZ,75.3,Curveball,104.3,26,396
PHI,MIA,87.4,Changeup,99.5,27,396
CHC,NYM,92.6,4,102.5,28,396
HOU,LAA,88.4,Slider,105.5,31,396
COL,SD,85.5,Changeup,108.4,29,396
DET,WSH,94.7,4,107.1,30,396
LAA,TEX,83.9,Cutter,105.1,38,396
TEX,COL,91.5,4,106.1,25,396
TEX,DET,83.5,Slider,101.3,27,396
DET,BOS,83.5,Sweeper,100.7,30,396
HOU,CLE,91.7,4,104.4,28,396
DET,KC,96.4,4,103.9,28,396
CHC,CIN,83.6,Split-Finger,102.6,29,396
LAD,DET,83.4,Changeup,105.4,27,396
HOU,DET,92.7,4,104.1,34,396
NYM,ATL,95.6,4,108,22,396
WSH,LAD,88,4,103,32,396
MIN,CIN,77.3,Changeup,102.7,31,396
LAD,WSH,94.2,4,105.8,27,396
LAA,HOU,89.8,Cutter,104.1,34,396
LAA,NYY,87.8,4,100.9,31,396
MIA,AZ,83.2,Curveball,102.7,30,396
BAL,CWS,87.4,Cutter,100.8,32,396
BAL,CLE,87.5,Sweeper,103.7,28,396
MIA,ATH,101.7,4,107.2,23,396
PIT,SD,86,Slider,104.1,37,396
SD,PIT,81.9,Slider,106.2,26,396
CLE,LAA,98,Sinker,105.6,19,396
MIN,CLE,92.8,4,104.8,31,396
CHC,PIT,95.5,4,105.9,34,396
STL,CIN,87.8,Slider,100.9,29,396
PHI,MIA,94,4,102.8,29,396
LAA,CLE,92.2,Sinker,99.9,30,396
NYM,ATL,92.4,4,106.7,34,396
STL,CHC,87.1,Knuckle Curve,102,34,396
LAA,HOU,90.6,4,105.8,33,396
CWS,DET,85.3,Changeup,102.8,33,396
TEX,SEA,82.8,Curveball,104.6,31,396
ATH,SEA,84.6,Slider,103.1,24,396
HOU,BAL,92.6,Sinker,104.9,21,396
CHC,LAA,92,Cutter,102.6,31,396
PHI,CWS,85.5,Changeup,104.9,25,396
ATH,SEA,95.4,Sinker,110.2,21,396
DET,PHI,96.1,4,107.8,24,396
NYY,CWS,87,Cutter,107.7,25,396
NYY,NYM,96.7,Sinker,103.1,35,396
KC,WSH,85.5,Slider,104.4,27,396
NYY,MIN,95.6,4,103.2,29,396
AZ,LAD,91.2,Cutter,101.2,29,396
STL,DET,82,Slider,102.3,34,396
CHC,CWS,90.8,Slider,105.6,34,396
LAD,ATH,94.9,4,106.9,35,396
MIL,CLE,92.7,4,105.6,26,396
MIL,ATL,96.1,Sinker,107,31,396
MIL,WSH,94.3,4,100.6,28,396
KC,CWS,91.6,4,101.6,29,396
HOU,AZ,81.4,Sweeper,104.3,29,396
TOR,DET,84.6,Slider,101.8,25,396
PIT,DET,89.5,Cutter,106.1,28,395
CLE,SEA,94.4,4,107.3,32,395
SEA,HOU,88.3,Changeup,105.9,25,395
DET,MIA,85.9,Slider,101.9,33,395
CIN,MIA,94.1,4,103.1,27,395
MIL,STL,84.5,Slider,103.1,31,395
TB,AZ,86.3,Changeup,101.3,28,395
SD,AZ,87.8,Changeup,102.1,30,395
TEX,ATH,93.4,4,101.8,33,395
MIN,TOR,84.4,Slider,101,29,395
LAA,SEA,95.3,4,104.3,26,395
WSH,MIA,83.3,Curveball,102.1,35,395
CLE,CWS,82.8,Sweeper,106.6,36,395
CHC,TEX,86.3,Cutter,107.7,29,395
WSH,LAD,85.5,Slider,102.9,28,395
SD,ATH,85,Sweeper,97.6,33,395
LAA,TB,85.8,Slider,106.6,37,395
TOR,LAD,85.6,Slider,102.6,25,395
MIN,NYY,80.2,Curveball,103.5,24,395
AZ,TEX,93.2,4,104.8,29,395
CHC,STL,85.5,Slider,102.6,27,395
MIL,PIT,73.2,Slow Curve,104.7,35,395
TB,BAL,97.5,Sinker,101.9,24,395
SEA,KC,88.3,Cutter,103.7,29,395
MIL,COL,94.5,4,98.4,29,395
TEX,SEA,87.8,Slider,108.6,22,395
STL,CIN,91.9,4,104.8,24,395
TEX,MIN,94.2,Sinker,105.5,33,395
ATH,HOU,80.8,Sweeper,106.5,38,395
LAA,HOU,90.4,4,107.2,23,395
LAD,AZ,90.5,Cutter,99,30,395
DET,CLE,85.7,Slider,107.3,25,395
NYY,CWS,94.1,4,105.3,29,395
CWS,WSH,97,Sinker,104.3,25,395
LAD,HOU,89.5,Cutter,102.3,27,395
AZ,KC,93.2,4,105.3,31,395
PHI,WSH,91.7,4,107.2,21,395
TEX,SEA,95.8,Cutter,106.2,33,395
MIN,TOR,91.9,4,103.7,30,395
AZ,CIN,92.8,Sinker,105.1,37,395
CHC,DET,80,Sweeper,105.6,29,395
KC,BAL,87.6,Cutter,101.2,30,395
PHI,WSH,83.6,Changeup,102.3,28,395
NYY,TEX,96.6,4,109.3,25,395
CLE,BAL,90.6,4,103.5,35,395
AZ,TOR,94.2,4,102.9,38,395
MIL,CHC,84.4,Cutter,103.1,24,395
WSH,LAD,88.1,Changeup,104,33,395
HOU,NYY,87.6,Slider,101,25,395
PHI,MIA,85.8,Slider,108.8,21,395
DET,MIL,89.9,Sinker,103.7,27,395
CLE,TOR,95.1,4,111.2,27,395
NYY,TB,94,4,101.1,30,395
TEX,SEA,84,Sweeper,105.5,26,395
BAL,KC,82.7,Changeup,104.2,25,395
PHI,AZ,89,Slider,107.3,26,395
BAL,NYY,83.3,Slider,106.9,37,395
LAA,SEA,93.3,Cutter,104.4,26,395
SEA,LAA,95.1,Sinker,108.9,21,395
CLE,MIN,93.3,4,108.8,27,395
ATL,MIA,94.5,Sinker,105,38,395
MIN,DET,91.3,4,103.7,36,395
CWS,MIN,85.5,Slider,104.2,25,395
STL,LAA,79,Curveball,101.2,31,395
SF,HOU,93.3,Sinker,102.3,29,395
PIT,MIL,81.4,Curveball,100.7,26,395
CWS,PHI,84.2,Slider,104,29,395
BOS,CLE,83.5,Slider,106.8,33,395
STL,KC,92.5,4,102.5,29,395
MIN,ATH,89.8,Cutter,105.7,24,395
BAL,CIN,88.1,Split-Finger,105.8,23,395
CHC,PIT,96.4,4,103,28,395
ATL,SEA,93.7,4,102.3,28,395
LAA,ATH,87.9,Cutter,115.3,19,395
TEX,TOR,87,Knuckle Curve,100.1,32,395
CHC,STL,78.3,Curveball,105.5,28,395
SF,CHC,37.9,Curveball,99.1,34,395
LAD,SF,87.1,Slider,104.8,26,395
AZ,LAD,87.1,Slider,100.9,31,395
CIN,CWS,80.9,Curveball,104.6,31,395
CWS,MIN,73.4,Curveball,98.2,33,395
HOU,CLE,91.5,4,103,31,395
CLE,MIL,91.1,4,102.7,35,395
STL,CIN,87.6,Slider,103.2,31,395
BAL,BOS,97.2,4,103.6,34,395
MIL,AZ,96.2,Sinker,112.4,21,395
NYM,LAA,88.3,Slider,104.7,31,395
LAD,MIN,94.4,4,103.1,32,395
SEA,WSH,85,Split-Finger,102.1,24,394
CLE,LAD,91.2,4,106.8,25,394
PHI,LAD,87.3,Slider,99.7,30,394
KC,SEA,91.6,Changeup,110.8,21,394
STL,MIL,101.3,4,100.8,34,394
CWS,CLE,76.7,Changeup,100.6,32,394
COL,BAL,92.5,Sinker,97.7,26,394
CHC,CWS,95.7,Sinker,105.7,21,394
BAL,LAA,78.8,Changeup,100.5,30,394
BAL,LAA,80.2,Changeup,102.3,28,394
ATL,MIN,89.9,Sinker,105.2,25,394
SF,AZ,94.3,Sinker,107.7,34,394
KC,CLE,78.8,Sweeper,101.2,27,394
SF,NYY,93.1,Sinker,101.8,29,394
STL,PHI,98.1,4,112,21,394
MIN,DET,94,Sinker,108.1,40,394
CLE,KC,91.8,4,106.2,28,394
MIA,WSH,81.9,Slider,102.1,34,394
ATL,COL,84.2,Sweeper,98.7,32,394
TEX,MIN,90.5,Cutter,101.9,26,394
HOU,NYY,94,4,108.6,27,394
CLE,TEX,87.5,Sinker,109.7,22,394
WSH,LAD,96.7,4,102,28,394
ATH,SEA,94.3,4,102.8,30,394
WSH,CWS,97.5,4,110.3,24,394
BAL,NYY,92.9,4,102.2,30,394
BOS,TEX,87.2,Slider,110.7,19,394
PIT,ATL,91,Sinker,103.6,33,394
KC,AZ,92.1,4,105.5,27,394
HOU,LAD,80.2,Curveball,100.9,32,394
SEA,NYY,84.9,Slider,107.7,28,394
MIA,BOS,95.4,Sinker,105,23,394
CIN,HOU,82.1,Sweeper,100.3,28,394
TEX,WSH,94.6,Sinker,104.5,35,394
MIN,STL,83.7,Sweeper,101.4,29,394
DET,KC,92.5,4,105.6,28,394
ATH,AZ,84.1,Slider,104.6,29,394
MIN,TOR,95.8,4,104.3,37,394
ATL,MIA,99,4,105.6,35,394
SEA,CHC,92.8,Cutter,101.9,38,394
MIL,CHC,80.7,Sweeper,103.5,36,394
CLE,SF,94.1,4,103.4,30,394
LAA,HOU,85.4,Sweeper,100.5,34,394
DET,ATH,87.8,Cutter,104.5,25,394
SEA,LAA,98.2,Sinker,106.3,28,394
TEX,TB,91.1,Sinker,105.2,23,394
BAL,CWS,89.3,Cutter,108.8,25,394
BAL,KC,83.2,Curveball,103.1,30,394
CLE,BAL,86.9,Split-Finger,104.9,32,394
TEX,LAD,93.3,4,105.6,27,394
CHC,PIT,88.4,4,107.4,27,394
TB,KC,90.5,4,105.6,24,394
DET,HOU,95.6,Sinker,104.2,25,394
LAD,MIA,95.5,Sinker,114.1,23,394
PHI,WSH,76.3,Curveball,103.5,26,394
MIA,HOU,93.2,4,102.8,29,394
BOS,BAL,79.1,Sweeper,102.2,30,394
COL,MIN,87.3,Changeup,100.5,34,394
WSH,MIA,95.2,4,107.5,33,394
LAA,BOS,97.4,4,102.1,29,394
SEA,CHC,93.7,4,98.1,38,394
COL,LAD,86.8,Slider,109.3,21,394
MIA,KC,96.7,4,103.2,33,394
ATH,STL,95.6,4,107.2,33,394
CLE,NYY,91.8,Cutter,102.9,29,394
DET,CWS,91.4,Sinker,102.1,29,394
LAA,BOS,89.1,Slider,103.6,28,394
HOU,PIT,86.4,Sweeper,102.1,33,394
PHI,TOR,82.1,Split-Finger,104.9,21,394
NYM,WSH,95.5,Sinker,100.4,26,394
LAD,SD,81.8,Sweeper,106.3,31,394
LAA,CIN,92.9,Sinker,104.5,23,394
SEA,ATH,92.5,4,99.7,29,394
COL,PIT,98.7,Sinker,104.9,24,394
CLE,COL,82.4,Changeup,106.8,24,394
LAD,SD,96.8,4,102.5,32,394
HOU,BAL,91.6,Cutter,104.3,39,394
NYY,AZ,93.2,4,112.1,22,394
DET,TB,89.3,Changeup,101.2,32,394
LAA,KC,93.5,4,106.7,37,394
BAL,SEA,95.7,4,108.4,19,394
NYM,ATL,95.1,4,112.8,19,394
TEX,HOU,93.3,Cutter,108.1,21,394
TEX,COL,97.6,4,106.5,20,394
CHC,LAA,87.4,Changeup,101,34,394
CLE,LAA,87.6,Slider,100.9,27,394
TOR,DET,87.7,Changeup,107.2,39,394
COL,WSH,80.3,Curveball,101.8,33,393
AZ,PIT,94.8,4,102.9,33,393
MIN,NYY,83.4,Cutter,102.1,29,393
BOS,ATH,92.6,Sinker,107.9,18,393
NYY,MIN,82.6,Curveball,100.7,27,393
MIN,TOR,90.7,4,108,23,393
KC,TOR,75.6,Curveball,105.1,27,393
AZ,SD,78.8,Sweeper,107.7,38,393
SEA,TOR,90.9,Sinker,106,22,393
TB,AZ,85.5,Changeup,108.2,20,393
LAD,COL,96.1,4,103,25,393
HOU,TOR,85.2,Changeup,110,21,393
LAA,HOU,94.2,4,106.6,38,393
WSH,NYY,93.7,Sinker,101.3,26,393
BOS,STL,93.2,4,107.4,23,393
CIN,DET,81.6,Slider,101.5,31,393
CHC,PIT,90.4,4,103.9,29,393
TEX,MIN,84.6,Changeup,103.3,25,393
ATH,BAL,86.9,Split-Finger,104.3,35,393
HOU,BOS,95.5,Sinker,104.5,32,393
DET,CWS,90.4,4,107.6,31,393
PIT,MIA,96.1,4,103.4,34,393
SEA,KC,82.5,Knuckle Curve,103.1,31,393
PHI,ATL,52.4,Eephus,95.8,32,393
BAL,TB,85,Slider,103.4,30,393
ATH,HOU,80.6,Curveball,102.2,35,393
CLE,DET,79.6,Knuckle Curve,101.1,27,393
BOS,BAL,85.8,Cutter,105.5,27,393
TEX,BOS,97.7,4,104.6,37,393
NYM,CHC,91.5,Sinker,107.8,32,393
MIN,BAL,94.1,4,104.4,26,393
NYM,NYY,89.2,Cutter,104.6,34,393
TOR,CWS,93.1,4,106.8,33,393
WSH,STL,94.8,Sinker,105.1,25,393
LAD,AZ,92.8,Sinker,101.8,28,393
TEX,DET,91.3,4,104.8,24,393
CWS,MIA,96,Sinker,105.6,33,393
BOS,NYY,80.3,Slider,111.2,25,393
ATH,WSH,83.3,Slider,105.9,19,393
LAD,NYY,73.3,Other,104.2,32,393
COL,NYM,93.8,Sinker,105.1,24,393
LAA,CLE,94.8,4,105.4,34,393
BAL,CIN,98.8,4,100.8,29,393
BAL,CLE,95.5,4,106.1,31,393
BAL,CLE,95.6,4,101.7,28,393
HOU,CWS,85.1,Changeup,107.2,27,393
AZ,PHI,86.4,Slider,102.7,27,393
MIL,CHC,92.4,4,109.2,21,393
DET,LAA,87.8,Slider,100.4,31,393
KC,BAL,90,Slider,106.1,18,393
SF,COL,82.7,Curveball,97.3,34,393
LAA,PHI,81.8,Sweeper,105.2,37,393
ATH,CLE,83.9,Slider,106.4,33,393
NYM,CIN,93,4,110.2,23,393
WSH,SD,90.9,4,102.8,29,393
STL,CHC,96.6,4,109.4,20,393
CHC,ATL,83.5,Slider,107.7,25,393
SD,BAL,92.1,4,99.6,26,393
NYM,CIN,96,4,114.3,19,393
KC,LAA,84.9,Sinker,100.6,33,393
PHI,SEA,95.4,4,105.7,27,393
MIN,ATH,91.4,4,102.3,31,393
MIL,WSH,84,Slider,101,30,393
HOU,WSH,90.7,4,106.3,30,393
BAL,CLE,94.8,4,109.4,18,393
CLE,HOU,91.7,Cutter,105.5,27,393
LAD,HOU,80,Curveball,104.3,21,393
BAL,MIL,87.3,Slider,108.2,24,393
WSH,BAL,92.5,Sinker,106,33,393
LAD,AZ,91.3,Cutter,97.7,28,393
SD,CWS,89.1,Changeup,105.3,26,393
PIT,ATH,81.3,Sweeper,101.7,26,393
STL,COL,81.2,Slider,98.6,29,393
TEX,TOR,89.9,Slider,102,31,393
CHC,MIA,97.8,4,102.2,27,393
ATL,BOS,83.7,Changeup,110.4,22,393
SD,LAA,79.6,Changeup,106.6,21,393
SF,AZ,86.5,Changeup,101.7,29,393
AZ,COL,99.3,4,99.6,26,393
BAL,CIN,87.8,Slider,100.7,34,393
MIL,BOS,87.7,Cutter,108.6,27,392
SEA,HOU,88.8,Slider,102.1,34,392
DET,ATL,93,Sinker,105,24,392
MIL,STL,98,4,112.4,35,392
AZ,SD,92.6,4,100.8,26,392
ATL,ATH,86.4,Slider,98.8,27,392
TEX,HOU,92.9,Sinker,108.2,23,392
TEX,ATH,88.7,4,100.6,36,392
TB,ATL,86.4,Changeup,104.7,30,392
TB,BOS,89.4,Changeup,105.8,25,392
DET,CIN,78.6,Changeup,100.4,33,392
DET,BAL,93.9,4,105.5,33,392
MIA,AZ,91.7,4,107.3,24,392
NYY,CWS,96.6,Sinker,106.9,29,392
CHC,STL,95.3,Sinker,101.4,25,392
CHC,STL,91,4,101.4,31,392
MIL,SD,86.6,Slider,101.1,33,392
CIN,CWS,92.6,Sinker,103.4,30,392
KC,CWS,92.3,Sinker,99.4,24,392
HOU,LAD,80.7,Sweeper,101.3,31,392
NYM,NYY,95,4,107.5,29,392
DET,BOS,85.5,Slider,106,23,392
ATH,LAD,92.4,4,102.2,28,392
TEX,DET,95.4,Sinker,107.4,25,392
PHI,CLE,89,Changeup,112.5,35,392
HOU,CIN,87.3,Changeup,107.7,28,392
TEX,COL,85.8,Split-Finger,99.4,35,392
COL,NYM,86.5,Slider,104.8,31,392
DET,CHC,96.8,4,103.4,23,392
CWS,LAA,87.3,Slider,105.1,29,392
CWS,KC,83,Changeup,101.7,31,392
SEA,ATH,91,4,110.2,21,392
AZ,CIN,83,Sweeper,98,30,392
ATH,SEA,95.8,4,106.4,21,392
CIN,CHC,80.1,Curveball,100.6,31,392
TB,HOU,89,Cutter,101.9,28,392
PIT,WSH,92.4,4,105.6,26,392
SF,COL,85.3,Slider,102.3,31,392
DET,LAA,92.9,4,106.5,23,392
PHI,AZ,94,4,106.7,23,392
SF,COL,95.4,4,103,30,392
CWS,SEA,96.5,4,103.7,23,392
BAL,HOU,77.4,Curveball,102.2,29,392
KC,TB,96.1,4,108.2,23,392
CIN,NYM,96.4,4,102.9,25,392
LAD,CIN,91.1,Slider,102,28,392
CHC,PIT,94.9,4,101.9,34,392
CHC,PIT,92.2,Split-Finger,103.8,26,392
STL,CIN,87.9,Slider,104.8,25,392
MIA,MIL,88,Changeup,103.1,30,392
SF,COL,95.7,4,105.3,20,392
NYY,HOU,94.2,Sinker,101.3,35,392
LAA,CLE,99.1,Cutter,103.6,26,392
MIN,MIL,81.3,Curveball,102.3,24,392
LAA,BOS,88.3,Slider,107.7,20,392
DET,TB,88.4,Cutter,105.2,22,392
SF,COL,85.5,Changeup,100,40,392
NYM,LAD,85.9,Slider,103.6,31,392
ATH,SEA,81.9,Sweeper,100.3,23,392
PIT,SF,94.9,4,103.2,28,392
BOS,STL,90.2,Cutter,110.1,23,392
SEA,ATH,87.3,Sweeper,100.5,28,392
CWS,ATL,86.5,Slider,103.2,30,392
CHC,MIL,80.6,Curveball,101.6,33,392
WSH,AZ,93.2,4,105.5,29,392
MIL,BAL,96.4,Sinker,101.3,24,392
ATH,LAA,87,4,105.9,23,392
DET,MIN,89.6,4,105.8,30,392
ATH,TB,87.1,Cutter,102.8,26,392
COL,TEX,87.3,Cutter,101.9,28,392
BOS,BAL,86.6,Changeup,102.1,34,392
DET,LAA,92.2,Cutter,103.2,32,391
BOS,SEA,96.2,4,104,27,391
NYY,MIN,88,Changeup,101.4,36,391
CHC,CIN,88.3,Changeup,104.9,24,391
STL,CIN,84.4,Changeup,107.7,21,391
LAA,MIL,92.7,4,103.6,34,391
PHI,KC,88.7,Slider,107.7,24,391
SEA,LAA,90.7,4,101.1,27,391
NYY,CWS,95.4,4,104.2,25,391
SD,AZ,91,4,110.3,22,391
HOU,TEX,76.5,Curveball,100.6,34,391
WSH,BAL,75.9,Curveball,108.9,27,391
CHC,LAD,39.6,Eephus,100.8,26,391
DET,NYY,94.4,4,107.1,23,391
COL,MIL,86.6,Slider,99.3,29,391
WSH,LAD,92.1,4,111.2,28,391
LAA,CLE,85.1,Slider,105.6,39,391
NYM,MIA,87.2,Cutter,107,27,391
PIT,STL,90.9,Sinker,106.4,26,391
TOR,LAD,91.5,4,105.4,24,391
CWS,CLE,77.7,Changeup,101.3,35,391
TB,SEA,93.3,4,99.9,26,391
STL,TOR,89.8,Cutter,111.3,25,391
CLE,SEA,87.6,Changeup,100.4,25,391
PIT,CIN,93.7,Sinker,106.5,24,391
STL,CLE,93.2,4,105.3,21,391
CWS,WSH,76.9,Curveball,105.1,30,391
KC,LAA,83.3,Slider,101.6,23,391
TB,TOR,93,4,108.1,24,391
WSH,CWS,95.9,4,104.7,32,391
PIT,TB,87.1,Changeup,108.1,26,391
KC,CWS,93.2,4,106,21,391
TB,TOR,85,Cutter,107.2,27,391
TOR,SEA,93.4,4,100.6,26,391
MIA,MIL,86.3,Slider,100.4,27,391
BAL,ATL,80.1,Curveball,99.8,34,391
NYM,CHC,84.1,Sweeper,103.4,28,391
CHC,DET,83.9,Slider,107.6,25,391
BOS,NYY,97.1,4,104.3,30,391
LAD,DET,95.8,Sinker,108.9,25,391
SD,AZ,79.4,Sweeper,100.8,28,391
MIA,HOU,91.4,Sinker,100.5,35,391
TB,LAA,85.4,Cutter,101.2,26,391
STL,WSH,90,4,103.1,28,391
SD,SEA,94.2,4,106.6,37,391
PIT,COL,91.4,4,106.8,27,391
HOU,BAL,87.3,Split-Finger,106.5,38,391
SF,MIL,88.8,Cutter,100.1,24,391
NYM,PHI,96.6,4,110.1,25,391
SEA,TEX,90.7,Slider,103.6,25,391
TEX,ATL,86.4,Slider,99.3,27,391
TEX,STL,88.7,Slider,106.3,25,391
MIL,DET,94.3,4,101.2,29,391
KC,DET,95.6,Sinker,107.1,23,391
CHC,MIL,89.3,Sinker,103.6,36,391
SD,PIT,86.3,Slider,114.3,21,391
STL,PIT,81.4,Sweeper,111.4,17,391
BAL,KC,93.3,4,101.6,29,391
SF,TOR,91.7,4,106.5,37,391
NYM,AZ,89.3,Cutter,106.4,27,391
BOS,CHC,82.8,Sweeper,106.7,38,391
CWS,PIT,92.9,4,107.4,21,391
DET,AZ,91.8,4,101.8,23,391
SEA,CHC,82,Sweeper,102.9,22,391
CHC,CWS,87.5,Split-Finger,99.5,36,391
PHI,TOR,92.6,Sinker,106.9,25,391
ATL,CHC,92.6,4,108.5,22,391
SD,SF,82.6,Knuckle Curve,102,26,391
MIN,ATH,83.4,Slider,105.4,32,391
ATL,AZ,83.9,Slider,102.9,36,391
ATH,TEX,95.2,4,108.1,23,391
TEX,AZ,95.4,4,99.7,26,391
CHC,TB,96.1,4,103.7,24,391
TB,NYY,81.5,Changeup,107,38,391
HOU,BAL,86.1,Split-Finger,102.9,23,391
SF,MIL,91.8,Sinker,99.7,26,391
TOR,TEX,96.1,4,103.8,28,391
PHI,BAL,96.9,4,107.3,37,391
HOU,MIN,93,4,101.8,27,391
MIL,LAD,85.2,Split-Finger,99.3,21,391
DET,TB,86.5,Knuckle Curve,100,33,391
SEA,CWS,87.8,Changeup,103.3,26,391
SD,SF,95.9,4,105.3,29,391
TEX,TOR,90,Cutter,102.4,25,391
CLE,MIA,91.7,4,104.3,32,391
COL,AZ,86.6,Slider,99,27,391
PIT,PHI,92.4,4,101.4,27,391
CIN,COL,83.9,Knuckle Curve,99.5,30,391
ATL,MIA,95,4,107.2,28,391
SF,ATL,94,4,102.8,28,391
SEA,MIL,96.1,4,103.3,29,391
KC,CHC,90.5,4,94.2,31,391
BAL,TOR,89.5,Sinker,106,30,391
BAL,LAA,91.9,Cutter,102.7,32,390
MIL,STL,91.6,4,108.2,23,390
STL,BAL,81.9,Sweeper,103.2,25,390
PIT,NYM,90.4,Sinker,104.7,24,390
NYM,TEX,96.1,Sinker,110.1,24,390
LAD,PHI,98.3,4,98.6,26,390
HOU,TEX,95.9,4,103,31,390
PHI,LAD,86.3,Slider,103.8,23,390
LAD,CHC,91.1,4,109.8,33,390
MIL,TOR,96.4,4,104.6,25,390
CHC,NYY,91.6,4,100.7,28,390
TOR,DET,87.5,Sinker,106.3,21,390
SEA,SF,96,4,108.1,25,390
BOS,CLE,78.6,Curveball,103.8,27,390
ATL,STL,93.2,4,102.8,26,390
CLE,NYY,87.2,Slider,101.5,30,390
AZ,LAD,87.6,Slider,106.5,40,390
LAD,WSH,83.1,Slider,104.5,30,390
LAD,TOR,92.8,4,101.5,32,390
MIA,ATH,92.9,4,101.6,27,390
ATH,TB,88.3,Cutter,105.1,40,390
BAL,TB,87.3,Slider,107.2,28,390
LAD,BOS,82.6,Sweeper,101,35,390
SD,AZ,84.2,Changeup,108.7,18,390
COL,WSH,94.1,4,101.9,31,390
WSH,SF,81.6,Slurve,109.7,22,390
MIL,NYM,85.9,Slider,104,32,390
COL,HOU,84.9,Cutter,95.9,33,390
ATH,TB,88.6,Slider,104.4,34,390
SEA,TOR,92.8,4,104.6,36,390
TEX,DET,92.6,4,111.1,20,390
MIN,SF,75.3,Curveball,100.9,30,390
COL,NYM,81,Sweeper,101.5,26,390
NYM,HOU,95.9,Cutter,107.3,27,390
SEA,CWS,86.3,Cutter,105.9,31,390
TEX,CLE,83.2,Changeup,100.6,37,390
NYY,WSH,91.7,4,99.7,35,390
SEA,SD,81.4,Sweeper,99.6,33,390
MIN,CHC,85.1,Sweeper,113,43,390
CLE,ATH,77.4,Changeup,96.9,27,390
TEX,STL,90.3,Cutter,106.1,36,390
SF,MIA,86.5,Changeup,102.1,30,390
TOR,ATH,92,Sinker,111.1,19,390
AZ,STL,91.2,4,102.3,36,390
SD,WSH,94.8,4,100.3,33,390
NYY,SD,81.2,Sweeper,102.7,31,390
ATL,NYY,87.7,Changeup,101.9,33,390
KC,MIA,88.7,Sweeper,104.4,27,390
PHI,LAA,98.2,4,109.5,39,390
ATH,TEX,90.3,Sinker,101.3,27,390
WSH,NYM,97.3,4,104.9,28,390
BAL,WSH,93.2,4,104.4,35,390
CWS,AZ,93.2,4,103.7,28,390
DET,ATH,83.5,Sweeper,106.6,21,390
LAA,HOU,94,4,100.5,36,390
HOU,PHI,83.9,Cutter,103.5,25,390
HOU,NYY,83.8,Sweeper,101.5,27,390
TB,SEA,94.5,4,105.2,27,390
PHI,BAL,95.9,4,100.5,32,390
CIN,NYM,94.9,4,101.4,26,390
PIT,COL,80.7,Slider,96.3,28,390
WSH,NYM,99.9,4,109.1,24,390
CHC,MIL,88.5,Changeup,100.1,33,390
BAL,HOU,79.4,Changeup,103.2,33,390
MIL,WSH,83.7,Changeup,100.8,32,390
CIN,ATH,98.5,4,103.1,29,390
PIT,SF,82.8,Changeup,101.2,25,390
WSH,MIN,93.9,Sinker,102.6,26,390
TEX,NYY,93.4,Sinker,107.2,29,390
ATH,ATL,84.5,Sweeper,97.5,29,390
DET,TB,95.2,4,106.9,39,390
BAL,WSH,95,4,103.9,23,390
ATL,MIL,93.6,Cutter,99.9,32,390
BAL,SF,97.3,Sinker,100.4,30,390
COL,STL,83.5,Slider,100,34,390
TEX,TB,97.7,4,101.8,29,389
NYY,PIT,91.5,4,103.5,35,389
MIL,STL,96.5,4,106.9,36,389
PHI,MIA,90.4,Slider,102.8,37,389
LAA,BOS,88.6,Slider,103.1,35,389
MIL,KC,84.8,Changeup,101.7,31,389
CIN,CHC,86.1,Slider,98.6,31,389
NYM,SD,86.9,Changeup,104.3,32,389
TEX,HOU,87.8,Changeup,101.4,32,389
ATH,HOU,82.6,Slider,101.5,28,389
LAD,CHC,99.1,4,108.4,35,389
SD,WSH,96,4,105.2,22,389
ATH,TOR,84.6,Split-Finger,95.6,28,389
TB,BOS,88.9,Cutter,106.4,21,389
MIN,PIT,78.9,Curveball,101.1,31,389
TEX,ATH,82.9,Sweeper,101.7,30,389
SEA,MIA,88.6,Cutter,100,28,389
SEA,MIA,86.8,Changeup,99.7,32,389
TEX,ATH,87.7,Changeup,102,22,389
CIN,BAL,93.5,4,100.9,30,389
DET,SD,85.9,Slider,111.7,23,389
SEA,WSH,93.1,4,112.1,40,389
LAA,HOU,92.3,4,102.5,31,389
CLE,KC,92.5,4,107.6,25,389
TOR,BAL,79.2,Curveball,99.3,31,389
MIA,WSH,80.5,Curveball,102.6,33,389
NYY,DET,84.9,Slurve,105.7,34,389
PHI,LAD,89.1,4,104.3,35,389
ATH,SD,97.5,4,101.1,30,389
SD,ATH,92.6,4,105.1,32,389
DET,LAA,78.9,Changeup,102.3,33,389
HOU,NYY,86.9,Sweeper,109.2,29,389
LAA,DET,93.8,4,101.8,32,389
TB,NYM,85.3,Slider,108.7,30,389
AZ,SEA,81.3,Sweeper,110.3,21,389
MIN,HOU,84.2,Slider,105.2,26,389
LAD,LAA,89.5,Slider,100,33,389
TB,NYM,89.5,Slider,105,34,389
BOS,TB,93.5,4,110,39,389
LAD,TOR,85.6,Slider,101.7,25,389
KC,ATH,83.1,Sweeper,104.6,28,389
SD,CIN,83,Curveball,99.8,27,389
BAL,NYY,91.5,Sinker,105.4,39,389
SEA,COL,98.3,4,108.7,24,389
ATH,HOU,96.2,4,105,40,389
LAA,TOR,73.3,Sweeper,101.1,38,389
SEA,DET,97,4,104.1,25,389
TEX,DET,84.9,Slider,105.8,25,389
STL,PHI,96.4,Sinker,108,20,389
CIN,AZ,82.5,Knuckle Curve,104.1,22,389
SF,CIN,84.9,Sweeper,101.5,26,389
KC,CLE,79,Curveball,104.1,38,389
STL,LAD,96.4,4,97.5,30,389
TOR,MIN,94.4,4,103.9,36,389
CHC,LAA,94.7,Sinker,100.2,31,389
DET,KC,88.8,Sinker,108.3,23,389
KC,DET,93.5,Sinker,104.1,21,389
TB,CLE,87.6,Slider,98.1,30,389
AZ,COL,86,Slider,96.2,34,389
CHC,BOS,93.5,4,105.7,26,389
TB,BAL,81.6,Slider,101.5,39,389
CLE,AZ,81.2,Knuckle Curve,98.3,34,389
WSH,SD,93.1,4,103.7,31,389
SEA,CIN,86,Changeup,106.5,24,389
MIA,PHI,85.6,Slider,101.5,29,389
BOS,CWS,96.3,4,104.8,32,389
PHI,AZ,94.4,Sinker,95.7,31,389
KC,BAL,92.3,4,102.4,24,389
PHI,WSH,95.9,4,105.6,33,389
ATH,LAA,34.8,Eephus,102.2,24,389
ATH,LAA,88.4,4,104.7,26,389
MIN,HOU,78.4,Curveball,98.6,30,389
BOS,BAL,79.4,Curveball,104.1,24,389
CHC,SEA,95.7,4,111.2,19,389
CLE,TOR,86.4,Slider,104.7,29,389
MIN,SEA,81.6,Slider,103.2,29,389
AZ,CWS,94.8,4,105.4,26,389
WSH,MIA,94.5,4,102.4,28,389
MIL,CIN,88.1,Cutter,101,32,389
HOU,BOS,84.8,Changeup,99.9,28,389
COL,CLE,75.2,Sweeper,101.2,26,389
HOU,BAL,77.9,Curveball,107.1,22,389
NYY,TB,91.8,Slider,100.9,33,389
ATH,SEA,97.5,4,108.2,21,389
STL,NYY,71.8,Curveball,100.6,37,389
SEA,PHI,85.9,Slider,105.9,35,389
NYY,BAL,79.1,Curveball,100.3,31,389
LAD,AZ,84,Sweeper,107.4,28,389
ATH,SF,81.5,Curveball,105.3,39,389
SEA,SD,83.2,Sweeper,107.1,21,389
WSH,ATL,95.1,4,105,33,389
MIL,PIT,42.9,Eephus,96.7,31,389
AZ,PHI,86,Slider,99.3,35,389
DET,BOS,93.9,4,111.3,25,389
CIN,CHC,80,Slurve,103.5,25,389
SEA,LAA,97.7,4,100.8,28,389
NYY,TOR,96.9,4,107.1,35,389
SF,ATL,95.8,4,101.5,34,389
SD,CLE,76.1,Curveball,108.5,23,388
LAD,SD,98.7,4,101.3,26,388
MIL,CHC,87.1,Knuckle Curve,99.9,33,388
CIN,DET,77.8,Knuckle Curve,98.4,34,388
NYM,TB,96.1,4,115.6,21,388
STL,BAL,89,Cutter,105.4,36,388
NYM,SD,84.9,Changeup,102.1,26,388
SEA,KC,86.2,Slider,100.8,34,388
SEA,KC,83.2,Slider,104.2,38,388
NYY,BAL,89,Cutter,99.9,31,388
CHC,TB,87.8,Slider,101.5,37,388
TEX,NYM,96.3,Sinker,103.6,27,388
BAL,TOR,98.6,4,105.3,22,388
ATL,TEX,82.7,Slider,104.1,36,388
WSH,TOR,91.1,4,107.2,36,388
CHC,CWS,95.3,4,103.9,31,388
SEA,DET,88.8,Split-Finger,106.2,36,388
AZ,LAA,95.8,4,105.2,24,388
NYY,CHC,97.7,4,105.5,28,388
ATH,TOR,78.3,Sweeper,103.4,37,388
NYM,MIA,90.1,Changeup,108.3,22,388
ATL,AZ,92.8,4,98.3,35,388
ATL,STL,87.2,Changeup,112.5,22,388
CHC,LAD,97.3,4,100.5,33,388
TB,PIT,91.5,4,108.8,24,388
BAL,TOR,82.2,Slurve,105.4,22,388
CIN,PIT,89.9,4,107.8,40,388
KC,NYY,83.9,Slider,108.3,20,388
LAD,COL,94.4,Sinker,101.8,34,388
AZ,SF,83.8,Sweeper,100.4,30,388
MIN,LAA,88.5,Slider,106.7,29,388
DET,CIN,89.2,Cutter,106.6,33,388
LAA,DET,95.6,4,100.2,31,388
BAL,AZ,82,Knuckle Curve,104.1,25,388
NYM,MIL,81.1,Curveball,100.6,30,388
WSH,CIN,89.9,Slider,102.5,33,388
CHC,SF,83.7,Slurve,103.9,27,388
TOR,MIN,78.5,Curveball,104.9,36,388
NYM,PIT,85.7,Slider,101.3,27,388
CWS,SF,93.2,4,103.4,33,388
MIA,WSH,85.6,Changeup,107.2,26,388
NYM,CHC,91.6,4,101.5,31,388
SEA,PIT,91.4,Slider,105,18,388
BOS,CIN,76.2,Changeup,97.8,31,388
CLE,CIN,91.3,Slider,102,22,388
SD,MIL,78.8,Sweeper,102.2,29,388
ATL,MIL,80.7,Sweeper,100.7,35,388
BAL,TOR,86.2,Slider,103.7,30,388
HOU,BAL,80.8,Split-Finger,101.9,27,388
LAD,SD,97.3,4,97.6,30,388
LAD,CIN,93.5,4,103.3,23,388
MIL,CHC,81.4,Curveball,99.9,25,388
KC,TEX,94.2,Sinker,103.6,25,388
BAL,TB,91.6,Split-Finger,99.9,26,388
BAL,TB,95.3,4,106.2,23,388
CIN,TB,87,Slider,101.5,34,388
NYM,COL,87.5,Split-Finger,110.1,22,388
ATH,CWS,78,Curveball,107.2,20,388
BOS,TB,96.6,4,101.8,30,388
CIN,SEA,95.5,Sinker,103.3,31,388
PIT,STL,88,Slider,107.8,29,388
AZ,NYM,90,Slider,101.4,31,388
STL,CIN,93.1,4,107.1,20,388
PIT,CHC,93.8,Sinker,102.4,34,388
ATL,AZ,77.9,Curveball,111.3,21,388
TOR,CIN,82.2,Slider,99.2,34,388
NYM,DET,86.1,Changeup,99.7,30,388
CHC,ATL,87.1,Curveball,105.2,19,388
CHC,MIL,94.2,4,109.4,23,388
BAL,TOR,93.3,4,106.7,27,388
NYM,CLE,94.1,Sinker,99.9,33,388
SF,LAD,96.5,4,106.5,22,388
CIN,MIL,80,Curveball,106.8,23,388
MIN,DET,83.6,Changeup,101.9,38,388
COL,PHI,88.2,Cutter,98,23,388
NYY,NYM,83.4,Changeup,102.6,26,388
SF,COL,98.7,4,98.1,34,388
ATL,DET,88.9,Split-Finger,97.7,28,388
NYM,WSH,93.8,4,103.1,34,388
NYM,CHC,76.5,Sweeper,97.5,29,388
CLE,MIN,89.1,Split-Finger,107,20,388
DET,CWS,88.4,Sinker,103.9,31,388
WSH,PHI,87.2,Split-Finger,99.5,26,388
BAL,MIN,93.7,4,102.4,30,388
AZ,SF,96.1,4,105.3,37,388
MIN,BAL,93,4,108,28,388
SEA,CLE,94.6,4,104.6,28,388
MIN,STL,80.7,Knuckle Curve,100.7,27,387
BAL,LAA,94.9,4,103.1,33,387
LAD,MIA,60,Other,103.4,22,387
CLE,BOS,81.9,Sweeper,101.5,25,387
NYY,BOS,82.9,Sweeper,100.9,26,387
CHC,ATH,79.8,Slider,103.8,24,387
TB,TEX,97.1,4,102.1,30,387
ATH,TOR,88.8,Cutter,103.6,43,387
CWS,CLE,90.6,4,99.4,26,387
LAA,CLE,98,4,104,35,387
DET,BAL,96.6,Sinker,103.2,30,387
AZ,TB,86.8,Slider,107.6,22,387
BOS,CWS,86.3,Changeup,101.6,34,387
SF,PHI,79.5,Sweeper,101.9,36,387
SF,NYY,89.4,Sinker,100.5,24,387
TB,ATL,86.2,Changeup,107,25,387
KC,DET,86.2,Slider,98.8,31,387
SEA,HOU,93.5,4,100.4,23,387
TOR,STL,92.1,4,101.2,32,387
NYM,WSH,86.3,Changeup,100.7,33,387
DET,BAL,84.7,Cutter,103.3,30,387
BAL,LAA,89.5,Changeup,105.6,27,387
TOR,TB,83.3,Changeup,102.7,25,387
TOR,BOS,91.4,Cutter,103.4,27,387
CIN,MIL,93.4,Sinker,102.3,25,387
WSH,CWS,97.8,4,100.3,24,387
NYY,AZ,92.4,4,102.5,29,387
TB,TOR,82.4,Slurve,104.8,26,387
CIN,CHC,93.8,4,110.5,22,387
NYY,SD,90.2,Changeup,100.1,31,387
NYY,ATH,97.6,4,98.6,29,387
HOU,LAD,95.1,4,101.5,31,387
WSH,DET,92.7,4,104.7,23,387
MIL,NYM,93.2,Sinker,103.3,31,387
DET,WSH,88.4,4,101.4,30,387
SF,MIN,93.7,4,105.1,26,387
CHC,PHI,98.3,4,105.9,26,387
ATH,LAA,93,4,104.2,28,387
AZ,SEA,91.4,Slider,96.4,33,387
LAD,STL,89,Cutter,108,41,387
CWS,SEA,97.6,4,105.4,33,387
MIN,TOR,94.5,4,104.5,33,387
LAD,SD,87.8,Slider,104.6,31,387
NYM,ATL,94,4,99.6,27,387
MIN,CWS,92.4,4,99.1,29,387
LAA,CHC,95.9,4,108.8,19,387
SD,WSH,93.9,4,107.6,22,387
ATH,HOU,83.8,Slider,99.5,33,387
KC,TEX,95.5,4,106.5,35,387
CHC,BOS,76.1,Curveball,100.8,32,387
CLE,ATH,80.6,Slider,99.9,27,387
DET,TEX,85.3,Changeup,105.8,40,387
TOR,DET,80,Sweeper,97.7,34,387
PHI,SF,92.9,4,104.4,29,387
CHC,AZ,87.7,Sinker,107.3,24,387
TOR,CLE,97,4,103,36,387
WSH,CIN,99,4,108.7,20,387
SEA,TEX,83.3,Curveball,104.8,30,387
STL,NYM,82,Sweeper,106.5,25,387
SEA,SF,91.1,Cutter,101.4,30,387
STL,BOS,88.1,Cutter,101.9,31,387
LAA,BOS,94.1,4,108.4,26,387
BOS,LAA,82,Sweeper,106.9,21,387
CIN,STL,91.7,Sinker,101.9,31,387
MIN,SEA,95.3,Sinker,100.3,30,387
MIL,PIT,90,4,103.8,31,387
STL,CIN,88.2,4,99.4,34,387
SD,BAL,83.4,Changeup,106.6,27,387
AZ,DET,87.5,Changeup,100.4,28,387
MIL,CHC,90.2,4,103,25,387
KC,TOR,72.2,Curveball,99.9,33,387
MIL,CHC,74,Curveball,101.4,33,387
DET,MIN,96,4,97,37,387
HOU,TB,92.1,4,102.3,27,387
SF,KC,86.3,Slider,104,34,387
STL,DET,88.3,Slider,102.9,30,387
NYY,NYM,95.9,Sinker,102.3,35,387
NYM,NYY,87,Slider,99.6,26,387
ATH,WSH,88.7,Slider,102.7,30,387
NYM,ATL,82.9,Slider,102.3,35,387
TOR,CHC,85.9,Knuckle Curve,104.5,27,387
PIT,MIL,83.1,Curveball,101.4,26,387
CIN,LAA,87.1,Changeup,99.6,30,387
SF,BAL,91.9,Slider,106.7,38,387
NYY,CWS,93.7,4,108.6,27,387
PHI,ATL,94.6,4,105.9,37,387
LAD,MIN,77.8,Curveball,101.7,26,387
NYM,LAD,82.6,Changeup,101,33,386
TOR,BAL,81,Slurve,101.2,26,386
LAD,SD,92.6,Cutter,110.4,19,386
KC,TEX,88.3,Slider,105.3,39,386
BOS,MIL,94.8,4,100,25,386
TOR,TEX,86.6,Changeup,104.6,33,386
PHI,AZ,79.9,Curveball,96.1,28,386
AZ,PHI,89,Cutter,103.9,27,386
LAA,MIL,86.8,Slider,101.3,24,386
ATL,DET,94.6,4,104.8,32,386
BOS,NYY,81.5,Split-Finger,106.4,22,386
AZ,MIN,95.7,4,99.1,27,386
TEX,CIN,85.4,4,108.2,23,386
DET,SEA,81.6,Slider,106.5,45,386
MIA,BAL,95.7,4,98.3,25,386
MIA,BAL,92.3,4,97.8,30,386
TB,SD,82.2,Curveball,101.1,30,386
SEA,BOS,80.6,Slurve,100.9,27,386
NYY,TB,94.8,4,103.9,25,386
WSH,TOR,83.2,Split-Finger,112.7,23,386
SD,CHC,80.2,Sweeper,107.8,22,386
CHC,LAD,95.5,Sinker,103.9,25,386
SF,HOU,89.4,Changeup,102.8,25,386
PIT,BAL,91.8,Cutter,101.6,33,386
ATH,COL,97.2,4,109.1,41,386
NYM,MIA,88.8,Slider,97.8,32,386
TB,BOS,94.4,4,103.4,37,386
WSH,TOR,93.1,Sinker,108.5,23,386
ATH,NYY,87.4,Sinker,100.6,31,386
COL,MIL,87.9,Knuckle Curve,100.6,22,386
MIL,CHC,71.7,Curveball,105.1,26,386
CWS,WSH,93,4,104.2,40,386
LAD,SEA,96.2,Sinker,111,20,386
MIN,PHI,87.3,Cutter,99.1,34,386
CWS,WSH,95.7,Sinker,103.7,24,386
TB,TOR,86,Cutter,104.6,37,386
BOS,BAL,97.9,4,101,32,386
SF,CHC,93.7,4,110.3,21,386
BOS,BAL,86.8,Cutter,101.3,33,386
BOS,TEX,92.9,4,106.5,30,386
LAA,TOR,79.2,Slurve,103.2,37,386
MIN,BAL,81.8,Curveball,103.7,37,386
AZ,SF,92.8,Sinker,101.8,38,386
ATH,TB,96.1,4,101.2,37,386
PHI,SD,80.4,Curveball,102.5,29,386
BAL,LAA,86.9,Changeup,104.7,39,386
NYM,CHC,84,Sweeper,98.9,31,386
STL,LAD,84.6,Changeup,102,34,386
MIL,SD,97.8,4,101.6,28,386
LAA,SEA,84.2,Slider,107.3,24,386
TB,BAL,93.6,4,101.4,38,386
MIN,COL,94.5,4,112.2,22,386
SF,TOR,94.9,4,107.5,30,386
CHC,BOS,95.9,4,103.6,27,386
COL,CLE,83,Slider,99.7,28,386
NYM,COL,89.4,4,100.8,26,386
WSH,SEA,81.3,Sweeper,109,27,386
MIN,NYM,93.9,4,103.7,31,386
LAD,MIA,97.7,4,117.9,20,386
HOU,CWS,84,Slider,106.8,21,386
NYY,BAL,97.5,4,103.6,23,386
DET,LAA,82.7,Slider,102.9,28,386
NYM,AZ,88.2,Cutter,107,39,386
MIN,MIL,87.2,Slider,107.6,36,386
STL,CHC,90.3,Changeup,101.5,31,386
PHI,CIN,89.9,Sinker,104.1,32,386
MIA,NYM,81.1,Sweeper,111.5,16,386
TOR,CIN,81.5,Split-Finger,107,24,386
MIL,LAD,96.6,4,103.8,24,386
NYY,TB,98.4,4,104.4,23,386
MIN,CWS,89.2,Cutter,98.8,27,386
DET,AZ,91.7,Sinker,105.2,22,386
BAL,MIL,94.3,4,107.9,23,386
DET,MIN,80.8,Changeup,97.3,31,386
DET,CLE,91.1,4,99.6,32,386
DET,CLE,98,4,98.9,35,386
NYY,MIN,93.6,Sinker,104.7,29,386
LAD,LAA,87.6,Changeup,104.1,32,386
TOR,DET,85.6,Changeup,109.4,40,386
TEX,LAA,36.6,Curveball,98.8,31,386
BOS,BAL,83.8,Changeup,109.8,21,386
MIN,LAD,96.3,4,101.9,38,386
SEA,TB,87.1,Slider,104.2,32,385
SD,MIA,87,Sweeper,104.8,29,385
HOU,ATH,78.6,Curveball,103.2,23,385
LAD,SD,92.9,Sinker,101.1,31,385
PHI,TOR,85.3,Slider,105.5,18,385
BOS,TB,94.8,Sinker,103.4,32,385
CHC,PIT,85.1,Curveball,107,40,385
CIN,COL,89.4,4,101.4,27,385
STL,MIL,97.8,4,102.1,29,385
AZ,TB,93.8,Sinker,101.1,27,385
CIN,MIA,99,4,106.2,25,385
ATH,MIL,92.6,4,105.3,24,385
COL,BAL,90.9,Cutter,98.3,27,385
HOU,TOR,94.7,4,106.2,28,385
PHI,NYM,83.7,Changeup,100.8,25,385
AZ,TEX,95.4,4,101.9,26,385
WSH,SF,94.2,4,105.7,36,385
COL,ATH,89,4,109.5,22,385
ATH,SD,93.1,4,111.7,20,385
BAL,DET,96.4,Sinker,101.7,26,385
NYM,SD,97,4,104.7,33,385
HOU,CHC,82.8,Sweeper,105.6,36,385
KC,STL,87.4,Slider,100.5,26,385
CHC,STL,86.8,Cutter,98.4,29,385
NYM,LAD,89.6,Cutter,98.7,30,385
ATH,CHC,86.5,Cutter,106.9,25,385
MIA,MIL,86.5,Changeup,111.9,22,385
CLE,WSH,89,Slider,106.2,33,385
SF,CHC,93.9,4,105.4,24,385
MIA,NYM,92.8,Sinker,103,32,385
STL,WSH,94.6,4,98.2,34,385
NYM,COL,95.2,4,103.6,26,385
TOR,MIN,87.9,4,105.5,36,385
CIN,AZ,90.9,4,101.1,35,385
ATH,CLE,83.1,Cutter,101.6,29,385
PHI,WSH,84.9,Sweeper,99.1,34,385
CLE,ATH,84,Slider,104,28,385
TEX,CLE,92.2,4,101,29,385
STL,CWS,81.2,Sweeper,98.7,23,385
SF,SD,83.6,Slider,99,31,385
COL,NYM,84.4,Slider,101.2,27,385
TB,HOU,91.9,4,103.5,27,385
PIT,WSH,86,Slider,105.2,23,385
STL,PIT,95.9,4,100.1,32,385
DET,HOU,87,Cutter,101.2,22,385
DET,TB,92.3,4,103.2,39,385
COL,AZ,87.3,Changeup,102.3,25,385
CWS,AZ,91.5,4,106.4,34,385
DET,CWS,94.9,4,106.1,21,385
SF,COL,89.9,Slider,97.6,30,385
ATH,STL,92.1,4,102.6,29,385
CWS,MIN,93.6,4,103.9,39,385
CLE,COL,88.2,Changeup,95.4,28,385
ATH,LAA,42.9,Eephus,106.3,26,385
SEA,ATL,91.4,4,103,33,385
LAD,PIT,82.1,Slider,104.6,26,385
CHC,MIA,91.3,Slider,102.4,30,385
CWS,SEA,93,4,102,31,385
HOU,TB,84.9,Changeup,97.4,29,385
HOU,TB,91.8,4,97.3,34,385
BAL,HOU,87.7,Cutter,102.2,30,385
BAL,HOU,91.5,Sinker,107.1,31,385
WSH,PHI,94.7,4,101.7,27,385
LAD,SD,85.8,Split-Finger,101.6,27,385
MIA,BOS,84.5,Slider,101,27,385
BOS,WSH,91.5,4,105.1,36,385
LAD,SF,93.7,4,105.6,24,385
PHI,MIA,98.3,4,112,42,385
NYY,BAL,87.4,Slider,106.9,26,385
MIA,CLE,88.4,4,107.6,23,385
CWS,CIN,88.8,Changeup,102.4,28,385
LAD,ATH,92.2,4,104.3,26,385
NYM,SEA,97,Sinker,103.5,33,385
TEX,ATH,79.1,Slider,97.7,32,385
STL,SD,83,Sweeper,109.6,22,385
CHC,KC,83.7,Changeup,102.6,32,385
NYM,MIA,77.9,Curveball,103.3,38,385
ATH,KC,85.3,Slider,110.9,20,384
DET,PIT,91.6,4,101,33,384
LAD,SF,77.7,Curveball,101.2,26,384
CLE,CWS,88.7,Cutter,106.7,27,384
TB,BOS,88.6,Cutter,102.8,28,384
HOU,KC,96.5,4,104.6,26,384
TB,SD,96.4,4,101.5,29,384
LAA,HOU,88.9,Slider,102.3,26,384
ATH,TEX,81.2,Slider,97.8,33,384
MIA,CIN,92,Sinker,100.6,32,384
SEA,TEX,95.3,4,108.7,22,384
SD,CHC,92.1,4,111,20,384
CHC,LAD,94.3,4,101.4,33,384
CWS,BOS,96.5,4,106,29,384
NYY,KC,91.8,4,103.2,33,384
CIN,PIT,91.2,4,102.3,32,384
LAA,MIN,97.7,Sinker,108.2,25,384
CIN,SD,91.9,Sinker,96.2,32,384
CIN,PIT,87.1,Slider,109.3,22,384
AZ,WSH,88.8,4,97.4,29,384
SEA,HOU,91.2,4,107.2,35,384
CHC,PHI,82.4,Curveball,104.6,26,384
BOS,DET,84.8,Changeup,104.8,24,384
CIN,MIL,93.6,4,104.6,39,384
HOU,LAA,79.9,Curveball,100.7,34,384
CLE,DET,92.6,4,104.9,23,384
BOS,LAA,91.6,4,105.9,27,384
CHC,NYM,93.9,Sinker,104.3,34,384
AZ,LAD,89.6,Cutter,108.6,19,384
PHI,CIN,81.4,Curveball,104.2,40,384
SF,TOR,82.4,Slurve,98.7,30,384
KC,HOU,87.7,Changeup,105.7,21,384
ATH,LAD,64.5,Other,100.1,27,384
BOS,NYY,70.7,Sweeper,101.2,25,384
CLE,ATH,96.9,4,101.1,28,384
CIN,NYM,90.9,4,102.4,26,384
HOU,SEA,95.5,Sinker,105.2,20,384
KC,BAL,96.9,4,103.4,24,384
TB,CLE,80.8,Changeup,102.9,35,384
LAA,TEX,98,4,100.5,40,384
ATH,HOU,82,Curveball,108.2,24,384
NYM,COL,89.5,Split-Finger,100.6,26,384
SF,LAA,78.8,Changeup,98.1,31,384
NYY,TB,87.7,Slider,97.5,29,384
CIN,STL,84.5,Curveball,102.1,34,384
ATL,BAL,77.8,Curveball,108.3,27,384
WSH,LAD,96.6,4,102.6,34,384
NYY,HOU,80.8,Slider,104.1,26,384
STL,CIN,80.3,Sweeper,100.4,36,384
CLE,MIN,84.9,Slider,103.1,34,384
DET,AZ,87.3,Changeup,103.7,22,384
HOU,WSH,94.1,4,111.8,24,384
MIA,STL,79.9,Curveball,103,25,384
PIT,COL,78.7,Knuckle Curve,101.6,24,384
CHC,WSH,88,Changeup,100.9,31,384
CHC,WSH,91.1,4,106.4,21,384
PHI,MIA,86.7,Sweeper,101.5,35,384
BAL,MIL,84.9,Cutter,110.1,21,384
CLE,MIN,94.1,4,108.6,23,384
NYY,TB,96.3,4,108.1,19,384
TOR,COL,95.9,4,105.3,25,384
AZ,NYY,86.4,Changeup,105.2,28,384
AZ,COL,83.3,Curveball,97.1,30,384
SF,TB,93.8,4,102.1,29,384
MIA,BOS,85.2,Sweeper,100.9,35,384
MIL,CHC,94,4,99.5,27,384
TOR,CWS,82.2,Slider,103,30,384
STL,LAA,87.9,Sinker,102.1,25,384
MIA,TEX,87.8,Slider,104.4,36,384
STL,SF,95,Sinker,104.4,28,384
NYM,CHC,96.9,4,104.7,24,384
TB,BOS,79.1,Curveball,105.4,33,384
SF,STL,91.7,4,107.8,24,384
LAA,KC,86.6,Slider,108.2,23,384
ATL,BOS,96.4,4,106.9,41,384
COL,AZ,79.1,Slider,102.6,21,384
NYY,TOR,87.3,Cutter,104.3,41,384
CLE,BAL,88.3,Changeup,98.4,29,384
CLE,BAL,94.4,4,105.1,25,384
KC,CHC,94.5,4,95.1,37,384
LAD,SF,35.4,Slider,99.8,30,383
TB,MIN,92.3,Cutter,100.5,28,383
LAA,MIL,87.1,Slider,104.7,33,383
TB,CHC,93.5,4,107.4,37,383
SEA,DET,84.5,Changeup,98.1,26,383
LAD,SF,88.9,Slider,102.7,27,383
PIT,LAD,94.7,4,106.1,28,383
CIN,COL,88.8,Cutter,104.7,25,383
SEA,MIA,94.1,Sinker,104,29,383
LAA,PIT,80.8,Sweeper,109.7,22,383
AZ,ATL,97.2,4,106.9,24,383
NYY,CLE,91.2,4,108.1,26,383
CHC,LAD,83.6,Slider,102.3,31,383
KC,CLE,96.2,4,103.8,25,383
LAA,HOU,93,4,103.3,27,383
TEX,MIL,88.8,Cutter,101.5,31,383
TOR,TB,88.8,Slider,114.5,17,383
DET,NYY,84.5,Slider,106,35,383
MIN,LAA,94.5,4,102.3,26,383
HOU,NYY,82.1,Changeup,100.6,31,383
CLE,LAA,77.9,Slider,103.3,29,383
CIN,MIL,87.7,Cutter,98.2,28,383
TEX,BAL,88.9,Cutter,108.9,23,383
CHC,HOU,89,Cutter,98.5,28,383
NYY,BAL,82.9,Sweeper,100.3,36,383
LAD,SEA,87.4,Slider,109.4,22,383
ATL,PIT,83.8,Sweeper,102.5,26,383
TEX,CWS,94.6,4,102.8,25,383
LAD,WSH,82.8,Slider,100,33,383
AZ,NYM,90.3,4,108.5,22,383
TOR,LAA,83.4,Changeup,102.6,29,383
BOS,TEX,84.2,Split-Finger,102.3,29,383
TB,HOU,95.3,Sinker,114.4,20,383
PIT,SF,87.4,Slider,103.6,27,383
HOU,PIT,94.1,Sinker,104.3,25,383
TOR,TB,87.9,Slider,103,24,383
PHI,WSH,96.4,Sinker,104.9,31,383
BAL,TOR,93.2,4,101.4,29,383
TOR,COL,90,Cutter,96.5,27,383
ATL,MIA,87.6,Slider,105.6,38,383
TEX,LAA,93.5,4,102.9,24,383
STL,CIN,85.4,Cutter,100.6,35,383
SEA,MIN,89.4,4,99.2,34,383
AZ,WSH,93.8,4,99.2,34,383
TOR,ATH,78.8,Slider,97.1,32,383
SEA,MIN,94.8,4,113.2,25,383
TOR,ATH,83.3,Slider,104.7,26,383
CWS,BOS,77.9,Curveball,105.1,30,383
NYY,KC,93.1,Sinker,108.7,36,383
ATH,HOU,77.6,Other,107.4,21,383
LAA,BOS,82.1,Changeup,100.4,34,383
CHC,SF,75.2,Curveball,103,27,383
DET,HOU,93.3,4,100.4,32,383
BAL,NYY,90,4,100.5,26,383
TOR,CLE,93.9,Cutter,104.1,29,383
LAD,WSH,95.2,4,101.3,37,383
CHC,STL,90.7,Cutter,97.8,30,383
LAD,WSH,98.3,Sinker,103.7,24,383
STL,CHC,79.9,Sweeper,97.2,33,383
CIN,STL,86.6,Slider,101.1,23,383
TEX,LAA,86.9,Slider,96,28,383
TOR,BAL,85.6,Slider,103.3,27,383
CLE,COL,84.7,Cutter,95.1,33,383
NYY,TB,93.2,Slider,102.5,23,383
NYY,TEX,96.9,4,103.8,33,383
LAA,ATH,92.6,4,100.6,26,383
DET,KC,94.7,4,99.9,29,383
NYY,MIL,92.1,Sinker,103.7,28,383
SD,TEX,91.5,Sinker,104.7,27,383
SEA,COL,94.7,4,108.2,23,383
ATL,DET,92.1,4,104.1,22,383
CWS,DET,93.4,4,102.3,26,383
BOS,HOU,82.3,Sweeper,108.6,22,383
TOR,TB,83.5,Split-Finger,102.1,23,383
LAA,LAD,94,Sinker,111.9,21,383
LAA,LAD,93.5,4,104.1,35,383
CWS,CIN,83.2,Slider,105.2,25,383
CHC,KC,94,Sinker,106.8,22,383
MIA,NYM,55.4,Other,101.2,35,383
PHI,ATL,79.9,Curveball,102.7,35,383
SD,ATL,87.7,Slider,99,30,382
COL,WSH,95.2,Sinker,102.1,26,382
HOU,ATH,83.3,Slider,105.3,42,382
KC,SEA,93.9,4,103.4,26,382
MIL,LAA,82.9,Changeup,99.4,25,382
NYM,SD,92.6,Sinker,104,29,382
WSH,ATL,96.1,4,107.4,23,382
CWS,BOS,93.4,4,101.9,38,382
HOU,LAA,93.3,Sinker,102.3,30,382
LAA,TB,79.7,Slurve,108.6,24,382
COL,AZ,85.2,Slider,100.2,23,382
PIT,DET,83.1,Slider,103.8,24,382
PIT,COL,92,4,97.1,25,382
TOR,TB,91.5,Slider,103.6,34,382
HOU,LAA,82.8,Changeup,108.7,22,382
LAD,SEA,83.8,Split-Finger,100.7,32,382
MIL,CIN,83.4,Slider,105.4,24,382
BAL,TB,88.6,Slider,111.7,21,382
CIN,SD,97,4,98.4,33,382
MIL,PIT,95.3,4,109.1,20,382
TEX,BAL,85.9,Split-Finger,100.1,28,382
AZ,SF,91.3,4,109.4,25,382
CIN,NYM,96,4,104.8,36,382
CLE,TOR,92,Sinker,109.5,24,382
NYY,ATL,86.2,Curveball,98.3,36,382
DET,TEX,97.9,4,100.4,31,382
WSH,STL,87.1,Slider,100.6,25,382
STL,WSH,95.7,4,108.1,24,382
BAL,LAA,91.6,Changeup,108.1,19,382
PIT,NYM,83.9,Changeup,105.5,21,382
LAA,SD,89.6,Slider,103.6,21,382
TEX,WSH,87.9,4,100.2,31,382
CIN,CLE,85.9,Slider,105.4,24,382
WSH,TEX,92.9,4,101.2,32,382
CIN,SF,89.9,Slider,99.8,32,382
SF,MIL,95.1,Sinker,101.1,22,382
LAA,NYY,92.9,4,101.1,25,382
CHC,SEA,92.4,Cutter,110.4,22,382
NYY,LAD,83.7,Split-Finger,97.8,32,382
CWS,CHC,91.1,4,108.2,24,382
MIL,PHI,95.5,4,99.7,30,382
TEX,STL,96.2,Sinker,104.5,36,382
NYY,TB,96.3,4,100.4,23,382
TEX,LAA,94.9,Sinker,99.3,25,382
MIN,MIL,87.5,Slider,99.3,38,382
AZ,ATH,94.3,Cutter,98.9,26,382
TEX,AZ,96,4,112.2,19,382
BOS,HOU,90.3,4,98.3,30,382
NYY,TB,85,Slider,100.4,30,382
LAD,LAA,89.2,Slider,109.5,19,382
NYM,NYY,94.8,4,106.4,27,382
SF,KC,86.1,Slider,106.7,35,382
SEA,PHI,81,Slider,107.7,28,382
NYY,TB,85.4,Knuckle Curve,103.1,24,382
TB,STL,84.3,Sweeper,102.8,25,382
MIL,CIN,83.8,Changeup,103,27,382
NYY,LAD,91.7,4,107,21,382
MIL,PIT,94.4,4,98.9,28,382
PHI,COL,96.6,4,100.2,33,382
CHC,CIN,86.4,Changeup,104.8,26,382
SF,STL,82.8,Sweeper,104.4,21,382
NYM,ATL,83.2,Slider,99.3,37,382
SEA,NYM,92.4,4,106.8,38,382
TOR,TEX,88.2,Changeup,102.9,30,382
LAD,ATH,81.8,Changeup,102.9,28,382
SEA,SD,90.9,Cutter,99.6,38,382
NYY,CWS,96,4,105.7,27,382
NYM,MIA,91.2,Sinker,111.6,18,382
HOU,ATL,90.7,Sinker,108.1,26,381
KC,PHI,94,4,105.7,24,381
ATH,CIN,93.9,4,99.5,37,381
LAA,SEA,86.5,Slider,103.5,23,381
CLE,CWS,86.6,Split-Finger,99.6,30,381
TEX,HOU,94.4,4,101.8,32,381
CHC,NYY,89.3,Slider,103.1,36,381
BOS,CLE,84.7,Cutter,110.9,36,381
CLE,BOS,79.5,Sweeper,102.6,35,381
CWS,ATH,99,4,102.8,29,381
NYY,KC,89.9,Cutter,104.2,39,381
BOS,TB,86.5,Slider,104.5,36,381
TEX,MIL,90.8,Sinker,102.9,25,381
AZ,BAL,85.1,Split-Finger,101.4,25,381
SF,CIN,95.5,4,104.7,27,381
NYY,KC,80.3,Changeup,100.2,38,381
SD,LAD,90.8,Cutter,106.4,23,381
SEA,AZ,90.5,4,98,28,381
BOS,DET,92.2,4,102,25,381
STL,ATH,90.5,Slider,103.5,38,381
TB,BAL,79.3,Curveball,101.7,29,381
BAL,TEX,99.4,4,105,25,381
STL,CLE,95.9,Sinker,111.7,21,381
DET,MIN,84.7,Changeup,102.6,28,381
PHI,MIA,76.4,Sweeper,95.7,27,381
CWS,CHC,80.9,Curveball,96.8,29,381
SEA,PIT,93.4,4,104.9,37,381
LAD,MIL,96.2,Sinker,105.4,23,381
CHC,STL,95.1,4,109.6,24,381
HOU,KC,92.9,4,102.4,36,381
NYM,CHC,95.9,4,107,26,381
CWS,MIA,86.8,Curveball,101.4,30,381
NYM,CHC,85.3,Sweeper,101.4,26,381
AZ,SF,93.7,4,103,26,381
CIN,AZ,88.3,Slider,104,25,381
SD,ATL,83.2,Slider,101.7,34,381
PIT,MIA,81.2,Sweeper,115,22,381
COL,PIT,80.9,Sweeper,96.2,30,381
TEX,SEA,89.9,Slider,98.2,23,381
PHI,BAL,89.9,Cutter,103.8,25,381
TB,STL,94.7,Sinker,106.2,28,381
PHI,NYM,99.1,4,108.9,40,381
NYM,PHI,85.9,Slider,102.4,30,381
MIL,SF,91.5,4,100.6,23,381
DET,TB,89.9,Slider,111.2,28,381
LAA,NYY,84.4,Changeup,104.3,23,381
NYY,BAL,79.6,Sweeper,99.9,31,381
NYY,BAL,92.3,Sinker,104.4,24,381
SEA,CHC,94.6,4,98.4,24,381
MIN,SEA,95.1,4,100.4,26,381
SF,PHI,98.3,Sinker,99.8,28,381
LAA,SF,87,Changeup,108.7,24,381
TEX,LAD,94.5,4,100.7,25,381
CHC,AZ,94.8,4,97.2,31,381
CWS,ATH,80.1,Changeup,103.2,38,381
MIN,SEA,92.8,Sinker,106.2,20,381
DET,PHI,95.5,4,102.8,40,381
KC,TOR,90.8,Cutter,100.7,31,381
MIN,ATH,88.4,Sinker,105.1,21,381
TOR,BAL,92.7,4,97.5,33,381
ATH,STL,81.4,Curveball,98,29,381
CHC,ATL,94.4,4,101.7,29,381
TEX,SEA,94.4,4,99.5,34,381
TOR,CIN,95.8,4,102.9,31,381
NYY,HOU,88.8,Slider,99.9,23,381
CLE,BOS,89.9,Cutter,105.3,25,381
NYM,CIN,91.2,Slider,104.5,30,381
COL,LAD,86.7,Changeup,102.6,22,381
LAA,ATH,82.1,Sweeper,109.3,38,381
MIL,CHC,90.8,4,108.2,23,381
CHC,MIL,94.7,4,105.2,22,381
NYY,TB,92.3,Cutter,98.5,30,381
AZ,CLE,84.9,Cutter,102,29,381
ATL,CWS,86.6,Changeup,100.8,27,381
BAL,HOU,85.7,Slider,102.4,26,381
MIA,PHI,92.8,Cutter,106.7,42,381
WSH,PHI,96.2,4,98.7,34,381
SEA,BAL,94.4,4,103.6,22,381
CLE,MIA,88.1,Changeup,98.5,26,381
AZ,COL,94.1,4,92.6,34,381
TB,SF,78.5,Curveball,100.3,27,381
STL,PHI,93,4,98.5,32,381
SF,ATH,92.6,4,99.4,27,381
SF,BAL,94.1,4,102.1,32,381
CLE,BAL,93.8,4,106.6,23,381
CHC,COL,85.4,Knuckle Curve,100.4,24,381
TOR,WSH,93,4,100.4,35,381
CWS,TEX,93.7,4,99.9,32,380
AZ,SF,81.6,Sweeper,102.4,27,380
PHI,KC,88,Cutter,107.9,22,380
BOS,NYY,94.7,Sinker,104.8,23,380
NYY,CHC,86,Slider,102.9,36,380
LAA,MIN,94.2,4,98.3,34,380
MIA,WSH,81.8,Changeup,100.4,31,380
CWS,CLE,82.6,Slider,103.8,32,380
SEA,CWS,82.3,Curveball,107.9,19,380
CWS,CLE,83.6,Changeup,107.4,26,380
AZ,COL,90.7,4,100.3,27,380
AZ,SF,94.9,Sinker,99.6,33,380
CLE,KC,93.6,4,105.4,27,380
STL,PIT,83.2,Split-Finger,95.6,28,380
SF,LAD,95.3,4,102.2,32,380
BAL,DET,94.7,Sinker,103.1,24,380
AZ,SD,84.2,Changeup,106.9,34,380
CWS,WSH,85.1,Slider,102.1,28,380
CLE,TEX,95.6,4,104.7,32,380
WSH,CWS,81.5,Sweeper,100.5,35,380
NYM,AZ,85.2,Cutter,105.7,24,380
MIA,LAD,94.8,4,108.5,25,380
SF,CIN,80.4,Changeup,96.8,34,380
NYY,NYM,94.7,Sinker,102.4,23,380
DET,WSH,78.3,Sweeper,104.8,32,380
MIN,SF,85.1,Sweeper,102.9,27,380
DET,TEX,90.5,Slider,107.2,36,380
CIN,CLE,97.9,4,100.3,29,380
AZ,MIL,93,Sinker,107.7,23,380
SF,CHC,93.8,4,102.9,25,380
ATH,DET,79.7,Slider,103.3,40,380
PHI,WSH,93,4,94.1,31,380
SD,SEA,83.6,Slider,106,24,380
SD,KC,95.6,Sinker,107.9,25,380
HOU,ATH,98.4,4,98.4,29,380
TOR,CWS,83.4,Slider,107.7,37,380
PHI,NYY,95.4,4,115.2,24,380
CLE,TOR,96.7,Sinker,101.7,31,380
BAL,COL,91.1,4,106.3,45,380
CWS,CHC,90.3,4,108.4,43,380
CLE,BAL,93.2,4,102.3,33,380
SD,PIT,90.2,4,100.2,33,380
KC,BAL,92.8,Changeup,100.1,30,380
SF,CHC,78.5,Changeup,102.9,24,380
AZ,WSH,92.1,4,110.7,23,380
COL,PIT,81.4,Slider,97.9,35,380
ATL,AZ,89.7,4,113.1,23,380
AZ,LAD,97.4,4,103.5,37,380
WSH,BAL,88.6,Cutter,105.2,23,380
CIN,CLE,91,Slider,102.4,28,380
NYY,TOR,94.8,4,109.4,22,380
MIA,PHI,100.9,4,108.3,39,380
PHI,SF,94.4,4,105.7,23,380
CLE,HOU,80.6,Sweeper,104.7,25,380
LAD,AZ,84.5,Sweeper,101.1,37,380
KC,CWS,91.4,Sinker,102.6,30,380
MIN,MIL,79.3,Sweeper,106.8,21,380
MIA,HOU,81.4,Sweeper,103.5,38,380
KC,CHC,96.8,4,105.3,28,380
TB,CWS,81,Changeup,98.5,24,380
PHI,BOS,85.3,Slider,107.7,28,380
NYY,TOR,83.8,Slider,110.9,17,380
LAA,NYM,90,4,103.3,28,380
NYM,MIA,97.9,4,103.3,27,380
CHC,COL,80.2,Curveball,103.7,36,379
SF,WSH,93.6,4,101.2,27,379
CLE,LAD,93.8,Sinker,102.9,28,379
CLE,SEA,95.7,Sinker,105,26,379
ATH,CIN,92.5,4,104.6,23,379
ATH,CIN,93.9,Sinker,100.5,38,379
LAD,CHC,90.1,4,108.1,37,379
MIA,BAL,81.8,Slider,98.3,34,379
ATL,STL,85.2,Sweeper,108.7,39,379
SF,LAD,94.4,Sinker,99.8,29,379
CHC,NYY,84.7,Curveball,106.4,26,379
LAD,CHC,83.6,Slider,98,31,379
STL,HOU,91,4,100.3,30,379
NYM,ATH,86.4,Slider,107.7,38,379
TB,ATL,82.5,Slider,108.7,29,379
MIN,KC,93.1,Sinker,103.3,37,379
CHC,STL,85.4,Sweeper,98.2,34,379
TB,CWS,81.2,Curveball,102.8,32,379
SF,SEA,96.1,4,101.9,26,379
CIN,MIL,84.7,Cutter,103.7,26,379
DET,NYY,90.5,Sinker,98.5,29,379
WSH,LAD,93.1,4,102.8,30,379
AZ,SD,90.6,Cutter,96.2,32,379
CHC,PIT,80.8,Changeup,103.6,29,379
CHC,STL,79.8,Curveball,99.1,24,379
TB,CLE,93.5,4,103.6,31,379
HOU,MIL,95.7,4,104.9,24,379
CHC,SF,94,4,104.7,25,379
BOS,TEX,93.8,4,103,27,379
ATH,SF,89.4,Cutter,106,25,379
SF,AZ,92.1,4,97.4,28,379
NYM,MIL,97.4,4,99.7,34,379
PHI,SD,90,Slider,104.9,40,379
NYY,MIL,84.1,Slider,109.2,23,379
LAA,ATH,83.3,Slider,103.3,38,379
CHC,AZ,95.1,4,98.9,25,379
DET,LAD,94.4,Sinker,99.7,22,379
COL,TOR,83.4,Slurve,92.1,31,379
CHC,CIN,81.4,Sweeper,110.4,20,379
DET,PIT,78.5,Sweeper,103.4,36,379
BOS,SEA,94.2,4,96.3,32,379
KC,CLE,86.7,Cutter,100.6,42,379
DET,AZ,81.6,Curveball,99.4,28,379
NYY,TB,88.9,Changeup,100.5,26,379
WSH,CIN,96.7,Cutter,103.8,26,379
SEA,MIN,86.3,Changeup,100.6,33,379
CWS,AZ,79.3,Knuckle Curve,105.5,33,379
TB,DET,83.2,Slurve,100.1,34,379
CHC,MIL,86,Slider,99.6,27,379
LAA,TEX,81.2,Changeup,97.7,35,379
CWS,PHI,86.4,Split-Finger,107.9,20,379
CLE,MIN,84.6,Slider,104.5,27,379
CWS,DET,85.3,Slider,101.1,27,379
SF,SD,91.6,4,106.8,22,379
PHI,WSH,96.2,4,101.5,36,379
MIL,SF,85.2,Slider,100,35,379
PHI,MIA,98.3,Sinker,106,21,379
HOU,LAD,96.1,4,103,29,379
NYM,SEA,95.1,4,100.6,32,379
LAA,LAD,92.7,4,99.2,30,379
SF,ATH,91.7,4,106.8,20,379
WSH,SEA,95.4,4,107.5,22,378
LAD,CLE,96.5,4,115,28,378
TB,TOR,82.5,Changeup,99.3,27,378
ATL,WSH,88.1,Slider,104.1,26,378
SD,COL,93.1,Sinker,105.8,25,378
CWS,CLE,91.3,4,111.1,23,378
COL,CIN,90.1,Slider,97.9,38,378
CHC,LAD,98,4,102.9,32,378
SF,PHI,92.4,Sinker,101.4,31,378
DET,NYY,77.3,Changeup,109,26,378
LAD,WSH,94.4,4,101.9,28,378
LAD,WSH,94.3,4,104.5,28,378
SF,CIN,95.3,4,101.6,31,378
WSH,NYM,94.7,4,99,26,378
LAD,SF,91.6,Sinker,106.2,33,378
CHC,CLE,81,Curveball,104.4,38,378
NYY,ATH,94.1,4,101.6,26,378
COL,SF,86.6,Slider,99.2,29,378
CWS,NYY,94.1,4,107.4,26,378
HOU,LAA,86.9,Slider,105.2,22,378
PHI,MIA,87.7,Sweeper,101.1,34,378
MIL,NYM,93.4,Cutter,101.8,27,378
MIL,NYM,94.7,Sinker,101.8,26,378
MIN,TB,91.8,Sinker,109.7,19,378
LAD,MIL,91.1,Sinker,108.7,22,378
BOS,TOR,94,4,99.6,25,378
MIL,TB,96.5,Sinker,107.9,25,378
LAD,SD,87.7,Cutter,101.6,34,378
LAD,DET,96.7,4,95.8,28,378
CIN,MIL,88.4,Cutter,98.8,24,378
CLE,NYM,83.3,Slider,105.6,22,378
SEA,CWS,79.8,Sweeper,104.8,23,378
MIL,AZ,93.5,4,101,32,378
DET,KC,75,Curveball,96.2,24,378
STL,CWS,96.3,4,113,18,378
COL,NYM,90.2,Changeup,99.5,26,378
PHI,NYY,86.8,Slider,99.4,26,378
NYM,COL,83.5,Slider,97.9,30,378
HOU,TB,83,Split-Finger,99,32,378
TB,NYY,89.2,4,104,27,378
NYY,BAL,85,Changeup,96.8,24,378
NYM,ATL,96.2,4,97.6,33,378
HOU,LAA,86.5,Sinker,99.1,33,378
DET,SEA,84.1,Slider,103.5,34,378
MIA,NYY,97.2,4,102.7,21,378
CWS,PHI,94.7,4,97.6,31,378
ATL,AZ,91,Cutter,104,23,378
MIN,CWS,86.5,Slider,98.9,30,378
ATH,HOU,90.2,4,109.3,36,378
LAA,CHC,76.8,Curveball,105.8,26,378
ATL,CWS,95.1,Sinker,101,24,378
CLE,ATL,92.9,4,102.9,29,378
CLE,HOU,88.7,Changeup,101.2,34,378
ATL,ATH,84.5,Slider,106,25,378
LAA,TEX,95.7,Sinker,106.7,20,378
KC,PIT,90.5,4,95,28,378
PIT,MIL,83.3,Sweeper,101.8,34,378
MIL,CIN,81,Sweeper,100.9,31,378
ATL,BOS,96.6,4,100,30,378
AZ,COL,98.7,4,94.4,33,378
LAD,STL,77.6,Curveball,98.8,31,378
AZ,HOU,83.4,Changeup,103.6,23,378
ATH,TEX,77.6,Curveball,104.8,33,378
LAA,NYM,86.7,Slider,106.7,25,378
ATL,PHI,77.8,Knuckle Curve,101.1,26,378
PHI,ATL,93.4,4,101,33,378
DET,CLE,77.2,Sweeper,100.6,29,377
CHC,PIT,85.5,Slider,104.1,31,377
SEA,CLE,85.3,Slider,99,32,377
CLE,CWS,86.5,Cutter,103.1,33,377
LAD,CHC,78.6,Changeup,100.9,36,377
NYY,CLE,95.8,4,105.1,28,377
BAL,ATH,86.2,Slider,100.1,31,377
SD,CIN,94.2,4,99.5,25,377
BOS,SD,93.9,4,103,27,377
TEX,TB,86.1,Slider,110,23,377
DET,NYY,90.1,4,104.4,38,377
TOR,STL,93.2,4,104.4,25,377
SD,AZ,82.6,Sweeper,103.7,25,377
AZ,SF,75.5,Slider,95.4,33,377
HOU,CHC,83.6,Sweeper,106.3,22,377
NYY,ATH,91.8,Cutter,110,42,377
TB,ATH,93.9,4,102.2,41,377
TEX,PIT,83.9,Changeup,100.6,29,377
TOR,LAA,92.2,Cutter,101.2,36,377
AZ,LAD,91.9,Cutter,105,23,377
CHC,BOS,96.1,Sinker,101.6,34,377
TOR,SEA,92.8,4,102.3,24,377
ATH,NYY,84.5,Sinker,104.4,35,377
SD,COL,81.1,Curveball,101.9,22,377
SF,AZ,88.2,Slider,101.5,24,377
STL,PHI,91.4,4,101.5,40,377
MIL,ATL,82.8,Slider,98.3,29,377
MIA,NYY,93.4,4,98.1,37,377
DET,KC,96.6,Sinker,103.9,28,377
TEX,CLE,91.3,4,105.5,23,377
CHC,SEA,94.7,Sinker,98.3,29,377
CHC,MIL,96.3,4,106.5,24,377
LAD,SD,90.9,Changeup,99.7,29,377
SEA,MIN,97.7,4,101.6,35,377
CIN,CHC,90.4,Slider,98.4,32,377
LAA,TEX,85.2,Changeup,98.2,30,377
NYM,SF,92.1,4,104.1,27,377
NYY,TB,88.7,Slider,106.1,34,377
ATH,MIA,87.8,Slider,102.8,26,377
TEX,BAL,83.8,Split-Finger,101.8,35,377
AZ,CWS,91.2,Changeup,100,27,377
NYM,TOR,95.1,4,101.2,31,377
BOS,BAL,92.9,4,101.4,33,377
TOR,BAL,96.1,4,98.1,38,377
NYY,AZ,93.9,Cutter,100,25,377
DET,CWS,89.1,Cutter,105,35,377
PHI,TOR,93.2,4,100.3,31,377
ATL,CHC,91.1,4,104.5,23,377
DET,SEA,95.4,Sinker,110.8,20,377
HOU,DET,93.1,Sinker,102.2,22,377
BOS,MIA,93.6,4,97.8,30,377
LAD,NYY,92.5,Cutter,112.5,42,377
CIN,PHI,96.9,4,100.3,31,377
MIN,TB,90.5,Cutter,99.6,31,377
ATL,NYM,95.7,4,99.2,28,377
NYY,SEA,93.6,4,107,26,377
MIA,CHC,88.1,Cutter,107,37,377
SEA,LAA,94.6,4,103.3,27,377
MIA,SD,84.5,Knuckle Curve,106.1,20,377
MIL,AZ,89.6,4,107,24,377
MIN,TOR,89.2,4,113.7,21,377
CIN,DET,90.7,4,102.1,25,376
NYY,CHC,92.5,4,102,35,376
WSH,NYM,93.6,Sinker,104.8,38,376
ATH,CWS,88,Slider,97.8,30,376
NYY,TOR,87.6,Cutter,104.2,28,376
LAD,PIT,84.7,Cutter,99.9,25,376
LAA,PIT,94.5,4,102.2,35,376
ATH,TEX,84,Changeup,104.1,21,376
NYM,PHI,76.9,Knuckle Curve,101.2,29,376
SEA,TB,95.6,Sinker,112.9,23,376
LAD,COL,83.4,Slider,98.8,33,376
PIT,BAL,95,Sinker,100,23,376
DET,NYY,86.4,Changeup,108.9,21,376
CLE,CWS,87.4,4,104.6,34,376
DET,CIN,90,Cutter,99.9,26,376
COL,SF,81.6,Slurve,104.8,22,376
MIN,KC,86.5,Slider,104,23,376
ATH,TB,96.9,4,102.8,30,376
SF,STL,91.7,4,108.3,43,376
CHC,NYM,79.6,Sweeper,98.7,31,376
PHI,ATH,84.2,Slider,103.7,28,376
MIL,NYM,91,4,110.1,24,376
AZ,KC,83.1,Sweeper,96.8,35,376
TB,TOR,83.1,Sweeper,105.5,27,376
CHC,NYM,94,4,105.3,37,376
ATL,WSH,82.4,Slurve,100.5,24,376
LAD,DET,89.8,Changeup,96.7,30,376
BAL,TOR,94.6,Sinker,106.1,31,376
TOR,MIN,92.8,Changeup,101.5,35,376
CHC,DET,84.9,Changeup,104.9,20,376
STL,MIN,97.9,4,99.3,30,376
CWS,LAA,92.5,Changeup,100.8,27,376
MIL,ATL,83.4,Sweeper,101.3,26,376
TEX,LAA,85.5,Slider,99.9,35,376
NYY,TEX,81.6,Slider,104.8,34,376
COL,NYM,81.8,Forkball,103.7,30,376
LAD,NYY,78.1,Changeup,95.9,36,376
TOR,ATH,83.3,Slider,98.6,29,376
CWS,CHC,93.4,4,103.8,37,376
MIN,BOS,87.5,Slider,99,30,376
WSH,MIN,94.5,Sinker,98.4,29,376
SEA,CIN,86.4,Cutter,108.2,22,376
CIN,WSH,75.4,Sweeper,97,29,376
AZ,NYM,95.1,4,96.4,27,376
AZ,NYY,83.8,Split-Finger,109.2,36,376
SF,MIA,83.9,Slider,107.6,20,376
CIN,ATL,86,Slider,104,22,376
LAD,TB,90.2,Cutter,111.2,26,376
ATH,AZ,87.6,Slider,100.4,41,376
TOR,CIN,92.4,4,102.3,21,376
CLE,BOS,89.3,Cutter,97.8,29,376
WSH,CHC,100.6,4,101.8,23,376
CLE,TB,85.1,Slider,97.5,31,376
NYY,TB,92.4,4,103.4,35,376
TOR,TEX,86.8,Cutter,100.1,34,376
MIN,DET,93.1,Sinker,110.4,18,376
MIL,CHC,96.8,4,102.9,28,376
LAD,SF,100.5,4,98.9,31,376
PIT,CHC,101,4,102,29,376
TOR,DET,95.7,4,103.2,27,376
ATH,HOU,86.3,Changeup,102.3,26,376
SEA,LAA,86.8,Slider,110.4,18,376
BAL,SF,80.6,Curveball,103,27,376
MIL,PHI,85.2,Curveball,110.3,18,375
ATL,HOU,91.6,4,110.7,25,375
LAA,SEA,97,4,101.2,24,375
CIN,ATH,96.9,4,104.2,37,375
CLE,CWS,86.4,Sinker,101.5,36,375
PIT,WSH,84,Changeup,100.6,29,375
BAL,DET,93.5,4,101.6,28,375
CWS,SEA,82.3,Split-Finger,101.4,38,375
NYY,MIN,97.8,4,98.9,31,375
NYY,MIN,88.9,Cutter,110.7,24,375
MIL,AZ,80.3,Knuckle Curve,108.4,18,375
ATL,TB,97.5,4,102.1,26,375
MIL,SF,94.5,4,100.1,36,375
CWS,TB,91.8,Sinker,103,32,375
LAA,MIN,89.7,Cutter,99.2,30,375
LAA,TB,93.5,4,102.3,34,375
TB,LAA,98.4,4,104.2,29,375
AZ,SEA,82.3,Sweeper,96.3,35,375
MIA,AZ,94.9,4,104.3,24,375
NYY,SD,89.3,Changeup,107.9,24,375
MIN,COL,93.3,4,95.1,33,375
DET,CLE,72.4,Curveball,99.6,30,375
TOR,SF,86.1,Slider,99.7,43,375
PHI,LAA,83.2,Sweeper,105.7,22,375
ATH,CLE,80,Changeup,94,32,375
BOS,DET,83.6,Changeup,99.7,32,375
BOS,DET,83.6,Slider,103.3,37,375
NYM,CHC,92.3,4,101.4,31,375
HOU,KC,82.5,Sweeper,98.7,26,375
TB,MIA,82.9,Sweeper,102.9,21,375
TEX,LAA,74.8,Curveball,105.2,24,375
BAL,COL,86.9,Cutter,107.6,26,375
SD,STL,82.5,Slider,97.8,30,375
NYY,PHI,74.7,Curveball,102.7,39,375
SD,SF,93.1,Sinker,106.9,19,375
CWS,BOS,79.8,Sweeper,103.5,29,375
ATL,TOR,87.9,Split-Finger,103.9,34,375
DET,KC,84.4,Changeup,106.3,41,375
CLE,TOR,95.1,4,103,32,375
STL,CIN,85.9,Sweeper,95.5,31,375
SF,CIN,91.5,Sinker,104,37,375
CWS,LAA,84.1,Cutter,99.6,40,375
LAA,HOU,95.7,Sinker,106.8,38,375
DET,STL,81.7,Sweeper,108.3,31,375
CWS,CHC,93.2,4,102.1,36,375
AZ,BOS,84,Curveball,105.8,25,375
CHC,SEA,88.3,Changeup,111.9,26,375
STL,NYY,94.5,Cutter,100.4,34,375
TOR,TEX,56.1,Eephus,99.6,32,375
TB,DET,95.2,4,96.7,37,375
BAL,ATL,84.7,Slider,98.1,36,375
MIA,MIL,82.7,Sweeper,100.2,33,375
LAA,LAD,97.3,4,102.9,29,375
MIL,PIT,97.9,4,96.9,28,375
MIA,CHC,92.3,4,98.9,34,375
MIA,CHC,81.5,Sweeper,101.4,31,375
CIN,CLE,84.6,Cutter,99.4,34,375
TOR,TEX,89.1,Slider,105.6,24,374
MIA,SD,82.3,Sweeper,108.1,24,374
NYM,TB,94.4,4,107.6,23,374
MIN,HOU,88.5,Cutter,103.8,25,374
SD,NYM,85.3,Sweeper,105.6,24,374
NYY,MIN,94.7,Sinker,100.8,24,374
MIN,AZ,93.9,Sinker,101.9,23,374
CHC,STL,88,Slider,106.7,25,374
DET,LAA,95.7,4,106.1,37,374
ATL,MIA,89.9,Slider,96.1,26,374
MIL,NYM,91.1,4,95.7,31,374
SF,WSH,77.2,Curveball,103.2,40,374
CLE,PIT,93.4,4,104.4,34,374
ATL,STL,86.7,Slider,99.5,26,374
MIL,COL,75.2,Curveball,96.4,26,374
HOU,MIA,88.6,Cutter,104.9,25,374
CIN,DET,79.1,Knuckle Curve,109.8,23,374
BAL,TB,72.9,Other,99.2,26,374
DET,MIN,83.2,Changeup,99.6,31,374
MIN,KC,93,4,104.1,40,374
CHC,CIN,95.6,4,102.1,29,374
PHI,TB,92.8,Sinker,100.4,31,374
WSH,CLE,91.3,Cutter,114.6,21,374
ATH,LAD,85.1,Slider,104.2,22,374
PIT,MIA,94.3,4,101,23,374
DET,CHC,79.3,Curveball,102.3,35,374
KC,BOS,98.3,4,102.5,25,374
MIN,CWS,93,Sinker,101.6,37,374
WSH,LAD,91.1,Cutter,103.7,24,374
LAD,NYY,97.2,Sinker,99.7,28,374
MIN,SEA,95.8,4,100.3,23,374
NYM,SF,98.6,4,103,31,374
MIA,PHI,94.6,4,94.8,28,374
ATH,CWS,83.7,Slider,103.9,28,374
BAL,KC,96.2,4,107,23,374
MIN,CLE,93,4,102.5,34,374
BAL,BOS,93.6,Sinker,108.4,22,374
BAL,SEA,94.8,4,101.4,28,374
CIN,MIL,95.6,4,102.6,27,374
HOU,LAA,87.1,Changeup,100.4,33,374
DET,CWS,87,Cutter,104.4,25,374
TOR,NYY,89.1,4,102.2,25,374
SEA,ATL,92.1,Sinker,100.2,38,374
PIT,COL,95.3,4,106.7,22,374
KC,TEX,94.4,4,105.6,19,374
AZ,COL,95,4,98.6,38,374
DET,HOU,82.3,Split-Finger,97.1,29,374
KC,CWS,95.6,4,99.9,40,374
DET,ATL,93.9,4,98.2,28,374
CLE,HOU,88.4,Cutter,102.5,35,374
WSH,NYM,91.4,4,98.2,31,374
MIN,BAL,82.6,Sweeper,98.9,27,374
NYM,LAA,87.4,4,95.8,37,374
TEX,TOR,93.8,4,113.1,23,373
WSH,COL,79.9,Cutter,104.6,25,373
NYM,SD,89.2,Slider,102.3,27,373
TEX,HOU,91.5,4,100.8,24,373
LAA,AZ,91.8,4,104,34,373
PIT,CIN,90.1,4,100.4,35,373
KC,MIN,83.3,Curveball,96.5,28,373
ATH,BOS,90.7,Cutter,97.4,30,373
NYM,WSH,87.5,Slider,103.9,37,373
PHI,CHC,92,4,105.5,40,373
LAA,WSH,75.1,Curveball,101,27,373
BOS,CIN,75.9,Sweeper,97.8,27,373
CLE,DET,90.4,4,97.4,31,373
CHC,BOS,81.8,Split-Finger,98.3,29,373
CHC,CIN,86.2,4,108.9,21,373
NYY,SD,98.1,4,102.4,30,373
LAA,PHI,87.4,Split-Finger,105.5,23,373
BAL,TB,85.4,Changeup,95.5,25,373
CLE,CHC,89.7,4,109.5,22,373
LAA,SD,94.2,4,110.3,23,373
CWS,CIN,95.3,4,101.7,33,373
WSH,PHI,96.1,4,98.5,32,373
NYY,MIL,95.4,4,103.8,38,373
CWS,KC,92.4,Sinker,102.4,38,373
BOS,NYY,92.3,Sinker,106.2,23,373
CIN,LAD,97,4,99.3,26,373
KC,DET,89.3,Cutter,103.3,38,373
CWS,STL,84.7,Changeup,105.8,28,373
PHI,MIL,86.3,Slider,99,26,373
PIT,SD,88.9,Cutter,99.3,30,373
NYM,COL,92.1,4,102.5,38,373
DET,TOR,92.3,Sinker,101.3,31,373
AZ,MIA,86.2,Changeup,98.2,32,373
ATL,TOR,89.3,Slider,99.9,29,373
SEA,TOR,92.7,4,113.1,20,373
ATH,MIA,91.4,Slider,98.2,31,373
HOU,DET,97.6,4,102.4,23,373
LAA,HOU,81.6,Sweeper,109.3,22,373
TB,KC,90.9,4,98.2,30,373
LAD,COL,92.7,4,101.6,27,373
MIA,ATL,93.9,4,106.5,25,373
DET,CWS,78.7,Curveball,109.2,26,373
TOR,PHI,92.3,4,100.8,34,373
PHI,TOR,82.4,Split-Finger,100.1,25,373
TOR,SD,83.1,Sweeper,102.7,35,373
WSH,BAL,78.7,Curveball,98.5,28,373
LAD,PIT,99.2,4,120,23,373
SEA,ATH,85.9,Slider,113.8,22,373
MIN,DET,93,4,98.4,34,373
HOU,LAD,95.3,4,98.2,31,373
CWS,TOR,90.6,4,98.4,28,373
HOU,CLE,95,Sinker,105,35,373
CIN,CHC,89.5,Cutter,105,21,373
CLE,MIN,92.4,4,104.2,25,373
STL,PHI,90.3,4,104.9,22,373
SF,ATH,96.8,4,99.6,27,373
BAL,BOS,92.9,4,105.8,39,372
CHC,CIN,82.7,Curveball,100.2,30,372
PIT,AZ,84,Slider,109,40,372
CIN,DET,96.4,Sinker,103.9,22,372
PIT,CHC,80.1,Changeup,103.9,35,372
HOU,TEX,97.1,4,102.2,29,372
SD,NYM,74.5,Sweeper,98.9,35,372
ATL,WSH,79.7,Curveball,99,30,372
ATL,STL,87.3,Cutter,102.1,40,372
MIA,MIL,89.9,Sinker,101.7,27,372
BOS,SEA,94.1,4,105.9,24,372
SD,DET,91.4,4,98.9,39,372
HOU,LAA,81.6,Curveball,102.5,37,372
NYY,SF,91.3,Cutter,113.2,22,372
AZ,SEA,89.2,Cutter,99.6,28,372
PHI,SD,75.9,Knuckleball,105.8,24,372
LAA,WSH,86.4,Slider,99.8,34,372
LAA,WSH,93.3,4,104.3,33,372
HOU,SEA,96.1,Sinker,100.4,26,372
CLE,DET,94.8,4,101.5,37,372
NYY,MIL,91.2,4,102.3,38,372
CWS,KC,89.2,Sinker,107.2,25,372
NYM,COL,96.2,4,94.4,33,372
CWS,KC,92.7,Sinker,107.9,20,372
SEA,LAA,96.8,Sinker,99,37,372
BOS,NYY,94.6,4,101,34,372
DET,MIN,82,Slider,103.3,23,372
NYY,BOS,95,4,105.1,41,372
BOS,BAL,84.9,Slider,100.5,30,372
MIN,MIL,92.9,Slider,105.6,44,372
NYY,PHI,88.3,Cutter,104.4,42,372
PIT,CLE,96.1,4,104,30,372
HOU,SD,83,Sweeper,107.5,21,372
SF,PHI,86.5,Slider,100.6,34,372
ATH,CWS,82.1,Slider,104.2,27,372
ATH,SEA,95.5,4,109.8,30,372
CHC,MIL,83.9,Changeup,102.4,36,372
MIL,CWS,86.8,Cutter,102.8,32,372
DET,ATH,78.8,Changeup,95.6,26,372
NYY,CLE,80.5,Sweeper,102.2,27,372
TOR,PHI,83.4,Slider,103.2,33,372
PHI,ATL,91.2,Cutter,98.5,37,372
BAL,SD,83,Sweeper,97.7,31,372
TOR,CIN,84.5,Split-Finger,102.9,38,372
WSH,CHC,97.4,4,108.8,34,372
SD,COL,92.5,4,103.1,23,372
SD,LAD,94.8,4,98.8,31,372
NYY,STL,86.5,Slider,95.8,28,372
NYY,NYM,97.2,4,102.8,26,372
SF,ATH,82.6,Sweeper,97.5,28,372
BAL,MIN,84.8,Slider,101.6,36,372
DET,TOR,95.7,4,106.3,28,372
CLE,BAL,81.4,Curveball,98.6,30,372
NYY,WSH,83,Slider,100.3,25,372
MIA,SD,97.4,4,99.1,28,371
MIA,SD,90,4,105.9,40,371
COL,CHC,82.7,Sweeper,102.8,23,371
CIN,DET,84.3,Slider,98.7,31,371
CWS,SD,90.1,Slider,100.3,24,371
CIN,ATH,90.7,Changeup,95,29,371
KC,PHI,83.2,Changeup,97.8,39,371
CWS,CLE,93,Sinker,97.7,34,371
BAL,CWS,93.1,Sinker,102.7,28,371
NYY,CHC,82.7,Split-Finger,99.5,33,371
NYY,CHC,73.1,Curveball,101.7,38,371
LAA,DET,94.5,4,98.1,33,371
LAA,HOU,88.5,Cutter,99,35,371
SD,COL,96.3,4,102.8,31,371
TEX,CHC,88.6,Slider,105.7,23,371
TEX,MIN,89.2,Sinker,100.2,29,371
TOR,BOS,93.8,4,103.2,35,371
TB,BAL,85.4,Changeup,107.6,24,371
NYM,CHC,91.3,4,101.2,29,371
MIN,BAL,82.4,Sweeper,101.5,25,371
WSH,PHI,96.1,4,99.2,33,371
DET,BOS,80.1,Sweeper,99.4,31,371
DET,MIN,80,Changeup,102.6,26,371
PIT,SF,96.8,4,100.4,30,371
AZ,CIN,98.7,4,96.1,41,371
CIN,MIN,92.2,4,101.2,27,371
PHI,MIL,94.1,Sinker,102.4,24,371
NYY,LAD,79.7,Curveball,102.7,29,371
AZ,DET,89.6,Changeup,103.2,22,371
NYM,STL,95.4,4,102,26,371
PHI,BAL,94.6,4,100.6,34,371
NYM,AZ,93.8,Cutter,99.2,30,371
DET,LAA,92.4,Cutter,103.8,28,371
CIN,STL,95.4,Sinker,98.5,27,371
MIL,CHC,82.7,Split-Finger,105.1,24,371
PHI,CWS,81.1,Sweeper,101.3,32,371
MIL,WSH,85.1,Slider,98.9,24,371
TEX,TB,99.7,4,110.7,23,371
TOR,SD,97.3,4,98.1,30,371
CWS,MIN,87.8,Slider,108.5,19,371
DET,SEA,88.3,Cutter,106.2,36,371
AZ,ATL,94.6,4,113.2,19,371
NYM,LAD,91.6,4,100.5,24,371
WSH,MIA,97.2,4,101.4,31,371
SEA,TB,96.4,4,102.9,26,371
LAA,CIN,86.8,Slider,110.3,20,371
BAL,WSH,79.6,Slurve,101.8,39,371
NYM,WSH,95.2,4,111.5,23,371
MIN,ATH,83.7,Changeup,101,22,371
SD,AZ,77.9,Sweeper,103.7,37,371
CHC,MIN,85.5,Slider,99,28,371
PHI,SF,90.9,Sinker,109.8,21,371
CIN,STL,97.1,4,101.8,25,371
NYM,MIA,81,Sweeper,105.5,25,371
BOS,NYY,93.6,Cutter,102.7,28,370
SEA,BOS,90.9,Changeup,106,43,370
PHI,TOR,95.8,4,101.1,30,370
STL,CWS,54.7,Eephus,98.7,26,370
LAD,SF,95.5,4,100.2,30,370
PHI,AZ,81.2,Sweeper,96.5,33,370
CHC,TB,94.1,4,105.5,27,370
SEA,MIA,61.1,Other,100.2,37,370
CHC,LAD,95.2,4,103.3,42,370
HOU,LAA,88.4,Changeup,104.8,37,370
HOU,TOR,85.5,Slider,102.5,25,370
COL,SF,94.4,4,93,32,370
AZ,SD,93.5,4,94.8,30,370
DET,BOS,81,Slider,99.9,34,370
CWS,CHC,89.3,4,102.6,38,370
CHC,STL,87.3,Slider,97.6,36,370
ATL,WSH,88.6,4,106.8,23,370
BAL,TB,86.3,Changeup,101.3,25,370
PHI,TB,97.3,4,103,33,370
NYM,NYY,87.6,Slider,99.4,27,370
MIL,NYY,94.6,4,103.9,25,370
HOU,CLE,89.6,Cutter,93.3,28,370
STL,TOR,86.9,Slider,107.4,22,370
NYY,BOS,97.2,4,103.7,29,370
SF,BOS,96.1,4,105.5,28,370
HOU,LAA,94.6,4,99.8,32,370
NYY,LAA,91.6,4,109.9,24,370
HOU,TB,98,Sinker,104.2,26,370
SD,NYM,94.7,4,99,35,370
AZ,MIA,95.9,4,101.4,25,370
LAD,COL,92.3,Sinker,99.8,35,370
WSH,COL,97,4,102.2,26,370
CHC,SD,93.8,Sinker,106.3,40,370
STL,NYM,90.9,Changeup,104.8,26,370
COL,LAD,97.5,4,102.3,31,370
LAD,MIA,82.2,Curveball,99.9,38,370
BOS,MIN,51.6,Eephus,103.4,28,370
KC,TOR,84.8,Split-Finger,97.7,31,370
WSH,HOU,81.4,Changeup,97.1,29,370
SEA,TEX,95,4,101.4,29,370
TEX,NYY,84.1,Cutter,110.4,28,370
DET,ATH,92.7,Sinker,102,35,370
CHC,STL,95.1,Sinker,98.8,27,370
COL,PHI,94,Sinker,99.6,31,370
MIA,TB,96.1,4,101.3,24,370
CIN,STL,94.3,4,100.1,31,370
DET,CWS,80.2,Changeup,96.2,31,370
BOS,NYY,85.5,Slider,107.4,35,370
DET,CLE,97.8,4,98,26,370
MIL,MIA,88,Slider,106.6,21,370
TEX,SD,83.7,Slider,97.3,31,370
LAA,TEX,92.5,Slider,97.4,34,370
TOR,CHC,82.4,Slider,96.9,31,370
BOS,PHI,97.8,4,100.3,22,370
NYM,MIA,88.4,Slider,99.7,33,370
NYY,TOR,82.4,Split-Finger,102.4,33,370
AZ,PIT,90.5,4,96.9,28,369
SD,MIA,84.6,Cutter,101.8,33,369
KC,TEX,99.4,4,105.2,36,369
NYM,SD,79.7,Curveball,108.4,24,369
ATL,HOU,84.2,Knuckle Curve,99.3,33,369
WSH,MIL,92.7,4,93,29,369
PHI,CHC,89.9,Cutter,106.7,23,369
ATH,CWS,91.5,Sinker,99.3,29,369
BAL,DET,88.7,Cutter,102.6,40,369
SF,PHI,86.6,Cutter,96.9,27,369
CHC,ATL,74.2,Slider,95.4,32,369
NYM,WSH,91,Cutter,98.9,37,369
MIA,MIN,88.2,Split-Finger,99.2,31,369
LAD,MIL,88.1,Changeup,99.4,33,369
TOR,BOS,97.1,4,102.4,27,369
SEA,HOU,88.3,Slider,111.8,41,369
KC,MIA,89.6,4,109.1,22,369
AZ,STL,87.5,Slider,100.7,28,369
NYM,CHC,91.2,4,103.1,23,369
HOU,MIL,93,Sinker,101.9,31,369
CHC,STL,80,Curveball,103.6,29,369
NYY,BOS,94.7,4,101.8,24,369
AZ,CIN,89.3,Cutter,99,35,369
SF,AZ,92.1,Sinker,96.8,26,369
CIN,AZ,94.2,4,103,41,369
SF,NYM,98.4,4,100.4,29,369
PHI,WSH,86,Slider,97.1,33,369
NYM,PHI,83.6,Curveball,96.1,35,369
BAL,TB,94,4,96.7,31,369
TB,DET,84.9,Changeup,101.3,36,369
ATH,HOU,96,4,109.3,19,369
PIT,CLE,96.1,4,99.9,36,369
SEA,TEX,88.7,4,100.3,38,369
MIL,WSH,89.8,Changeup,104.4,22,369
BOS,MIN,94.7,4,110.8,17,369
CIN,ATL,77.9,Slider,101.3,22,369
AZ,LAD,96.9,4,106.1,43,369
TOR,SD,86.6,Slider,110.4,19,369
TEX,TB,94,4,103.1,41,369
COL,MIA,84.6,Sweeper,105.2,22,369
LAD,ATL,78.7,Slider,97.7,27,369
ATL,CHC,91.8,Sinker,101.6,31,369
WSH,CHC,82.8,Slider,96.4,37,369
SD,SF,76.8,Curveball,107.3,23,369
HOU,SEA,98.2,Sinker,100.4,30,369
STL,WSH,82.1,Changeup,97.2,34,369
MIA,CIN,97.1,4,99.5,26,369
ATL,NYM,80.3,Sweeper,100.9,27,369
NYM,SEA,94.7,4,99.7,29,369
WSH,ATL,84.4,Slider,100.7,35,369
HOU,COL,91.4,4,102.8,21,369
SF,CHC,92.2,Sinker,105.7,24,369
STL,BAL,82,Curveball,106,40,368
NYM,CWS,94,4,103.6,28,368
COL,WSH,96.8,4,98.8,30,368
MIA,TEX,86.5,Slider,101.5,36,368
CWS,BAL,84.3,Slider,100.8,34,368
CLE,DET,91.9,Cutter,99.9,35,368
SD,PHI,95.6,4,102.2,34,368
SEA,MIA,95.5,4,101.2,35,368
STL,PHI,96,4,96.8,27,368
NYY,TB,94,4,102.5,26,368
ATL,MIN,92.4,4,102.3,24,368
TB,CWS,83.7,Changeup,99.5,26,368
SEA,CLE,84.4,Cutter,96.3,30,368
STL,CLE,89.5,Changeup,105.4,22,368
BAL,NYY,84.7,Sweeper,107.1,21,368
STL,CHC,91.7,4,95.7,36,368
LAA,MIA,98.3,4,103.2,32,368
CLE,WSH,94.1,4,106.2,21,368
BAL,ATL,96,4,101.7,28,368
TB,MIA,82.8,Sweeper,102.2,38,368
DET,MIN,89.9,Sinker,106.8,19,368
NYM,SF,82,Changeup,95.9,30,368
SF,PIT,94.8,4,100,28,368
NYY,BAL,93.5,4,104.2,34,368
ATH,HOU,81.3,Split-Finger,99.2,31,368
CWS,CHC,96.1,4,103.2,26,368
TB,HOU,88.7,4,102.5,37,368
ATL,LAD,93,4,106.3,25,368
CWS,PHI,87.4,Split-Finger,99,27,368
BOS,HOU,81.8,Sweeper,101.9,34,368
NYM,PHI,89.6,Split-Finger,105.9,21,368
MIL,MIN,92.2,4,98.5,30,368
TOR,WSH,85.6,Changeup,105,25,368
DET,CWS,89.9,Changeup,106.8,25,368
ATL,PHI,98.3,Sinker,100.8,28,368
SF,MIL,97.9,Sinker,102.9,25,368
SEA,ATH,100.7,4,99,34,368
PIT,CIN,91.3,Sinker,104.5,26,368
CLE,MIN,93.1,4,105.1,27,368
TB,MIN,89.4,Split-Finger,100.8,36,368
HOU,CLE,94.8,Sinker,102,28,368
BOS,COL,86,Slider,104.4,39,368
CLE,MIA,94.2,4,96.1,30,368
WSH,KC,86.5,Cutter,101.2,38,368
BOS,ATL,81.5,Slider,104,24,368
CWS,CHC,93.1,4,101.2,35,368
TEX,COL,94,4,105.2,22,368
ATH,TEX,89.2,Slider,106.6,20,368
PHI,BOS,86.2,Slider,104.9,26,368
COL,HOU,78.6,Changeup,102.7,19,368
NYY,WSH,82.7,Slider,102.3,36,368
NYM,CWS,89.8,Cutter,97.6,31,367
ATL,DET,91.1,Sinker,101.2,23,367
STL,ATL,88.3,Sinker,98.5,35,367
MIA,PHI,86.3,Sweeper,102.7,26,367
CHC,LAD,94,Sinker,101.1,32,367
DET,NYY,94.8,4,108.2,22,367
LAA,TB,99.1,4,103.1,32,367
STL,TOR,95.4,4,101.5,41,367
MIN,HOU,91.2,4,110.4,18,367
PHI,CHC,84.2,Split-Finger,102.5,42,367
BAL,TB,87.1,Slider,100.3,29,367
NYY,TOR,85.8,Slider,102.7,26,367
TB,TOR,93.6,4,106.4,20,367
CHC,AZ,94.4,4,98.3,31,367
MIN,BOS,93.5,4,98.1,37,367
CWS,MIL,76.2,Changeup,94.6,33,367
DET,PHI,86.4,Sweeper,94.3,31,367
WSH,BAL,86.9,Changeup,98.7,37,367
PHI,COL,83.7,Slider,103.8,24,367
TEX,NYY,86.1,Sinker,106.5,20,367
BOS,SF,79.8,Slurve,99.9,38,367
COL,ATH,79.5,Slider,103.6,42,367
DET,CWS,85.9,Slider,99.5,27,367
MIL,CIN,87.3,Cutter,97,27,367
TB,WSH,86.5,Slider,109.9,22,367
CLE,TB,97.3,4,105.4,22,367
STL,TB,95.8,Sinker,102.7,33,367
TEX,TOR,82.2,Slurve,101.1,25,367
DET,CLE,95.8,4,109.5,23,367
MIL,CIN,92.2,Sinker,101.5,42,367
MIN,BAL,90.5,Changeup,104.4,38,367
ATH,HOU,91.5,4,98.8,27,367
MIN,SD,93.5,4,103.4,32,367
NYM,MIA,92.5,Changeup,102.3,25,367
CWS,NYM,90.5,Sinker,105.4,27,366
ATH,HOU,82.9,Slider,98.4,34,366
SEA,HOU,96.5,Sinker,97.7,35,366
CIN,CHC,96,4,101.7,25,366
SEA,NYY,87.3,Slider,100.7,27,366
ATL,TB,87.1,Cutter,98.8,27,366
TB,SEA,96.5,4,102.2,21,366
TOR,HOU,80.8,Curveball,102.3,38,366
MIL,ATH,87.9,4,100.8,30,366
CLE,NYY,93.4,Sinker,97,37,366
CIN,BAL,63.2,Eephus,106.9,35,366
SD,COL,93.6,4,101.4,33,366
TEX,CHC,91.2,4,100.1,34,366
LAD,WSH,87.5,Slider,101.6,35,366
STL,TOR,76.8,Curveball,101.5,36,366
PIT,NYM,91.3,Changeup,101.1,32,366
HOU,ATH,85.5,Slider,107.4,19,366
PHI,MIN,81.8,Sweeper,96,26,366
PHI,LAA,98.2,4,102.4,24,366
PHI,LAA,89.8,Slider,102.1,25,366
MIA,CWS,95.8,4,104.1,38,366
CLE,CHC,90.9,4,100.1,33,366
CHC,AZ,92.3,4,109.3,21,366
BAL,ATH,81,Slider,96,40,366
KC,CWS,89.5,Cutter,99.1,25,366
TOR,BAL,80,Curveball,99,34,366
MIN,CWS,89.5,Cutter,94.2,30,366
WSH,PHI,91.5,Sinker,109.8,22,366
BOS,TB,90.2,Cutter,99.1,33,366
ATH,SEA,88,Changeup,99.2,29,366
CHC,AZ,79.6,Curveball,97.2,32,366
NYY,TB,86,Slider,97.7,33,366
BOS,NYM,91.1,Sinker,95.6,31,366
CWS,PHI,85.9,Cutter,107.8,26,366
CWS,MIL,92.8,4,108.5,22,366
AZ,NYM,91.5,Cutter,103.9,35,366
NYM,AZ,85.3,Slider,102.7,24,366
SF,NYM,92.6,4,98.3,28,366
TB,KC,84.2,Slider,106,22,366
MIL,PIT,89.7,Cutter,107.6,25,366
NYY,PIT,93.1,4,98.3,40,366
TEX,TB,78.1,Sweeper,100.1,39,366
MIN,SD,84.9,Changeup,105.7,40,366
SEA,ATL,89.2,Slider,100.4,32,366
CLE,TB,89.1,Sinker,103.4,39,366
SD,MIL,83.2,Split-Finger,102.1,24,366
DET,TB,89,Slider,98.2,30,366
CIN,PHI,80.8,Slider,101.8,21,366
CHC,KC,83.4,Changeup,100.6,35,366
TEX,LAA,90.2,Changeup,103,23,366
TOR,MIN,93.7,4,104.2,45,366
TB,NYM,84.5,Sweeper,103.6,21,365
TB,BOS,96.9,Sinker,101.4,27,365
NYM,TEX,98.2,4,102.5,24,365
STL,ATL,82.1,Slider,100,25,365
NYY,COL,82.5,Changeup,93.4,37,365
STL,CHC,93.9,4,98.8,26,365
MIN,TOR,96.1,4,98.5,41,365
BAL,ATH,96.2,Sinker,99.3,44,365
SF,ATL,88,Curveball,98.9,34,365
NYM,PIT,87.4,Changeup,104.4,24,365
TOR,TB,90.1,Cutter,97.3,34,365
BAL,PHI,87.5,Sweeper,97.3,26,365
CLE,SD,92.2,Sinker,97.6,31,365
PIT,SD,81,Curveball,104.7,24,365
STL,LAA,76.8,Changeup,99.5,26,365
BOS,CWS,82.1,Split-Finger,99.4,31,365
CIN,SEA,96.3,4,107.1,21,365
TB,NYY,94.4,4,104,36,365
LAD,ATL,86.1,Slider,96.2,28,365
CIN,WSH,82.1,Curveball,101.1,25,365
SEA,CWS,88.4,Cutter,98.9,24,365
SD,CHC,90.2,4,104.2,30,365
CHC,SD,85.5,4,101.1,37,365
MIL,TOR,85,Slider,98.7,27,365
MIL,PIT,87.7,Cutter,98.7,30,365
TOR,TEX,94.8,4,108.2,21,365
STL,MIA,82.1,Sweeper,99,37,365
CIN,MIL,94.8,Sinker,94.7,29,365
PHI,SEA,88.7,Slider,99.1,32,365
SEA,HOU,79.2,Sweeper,100.8,40,365
CLE,MIN,92.4,4,97.8,40,365
LAA,TOR,95.6,4,103.6,38,365
BOS,PHI,97.7,4,97.9,30,365
SEA,WSH,87.2,Split-Finger,107.3,22,365
COL,WSH,88.2,Cutter,105.6,25,364
SD,PHI,98.2,4,100.6,29,364
HOU,TEX,81.2,Sweeper,95.4,28,364
MIA,BAL,94.7,4,101.1,37,364
SEA,TOR,80.1,Sweeper,98.2,30,364
SF,AZ,73.7,Curveball,93.7,33,364
CIN,SD,83.8,Split-Finger,101.7,25,364
ATL,WSH,88.1,4,95.9,32,364
CWS,TEX,89.6,Cutter,100.9,30,364
CLE,PHI,84.1,Changeup,95.3,30,364
SEA,NYY,92.9,Cutter,103.6,21,364
TEX,DET,82.7,Sweeper,97.9,36,364
SF,HOU,84,Sweeper,108.3,21,364
BOS,BAL,93.1,Sinker,103.1,23,364
PHI,SF,87.8,Slider,98.2,28,364
NYY,BAL,91.4,Sinker,100.7,35,364
SEA,TEX,96.3,4,101.3,42,364
CHC,STL,83.1,Changeup,97,36,364
BOS,STL,83.7,Sweeper,99.9,33,364
SF,HOU,89.7,Cutter,95.8,30,364
TB,TEX,97,4,108.7,40,364
ATH,MIN,98.6,4,98.3,33,364
WSH,MIA,81.9,Sweeper,96.4,31,364
TB,SEA,95.3,4,99.2,24,364
CHC,WSH,74.3,Knuckle Curve,100.2,29,364
TEX,HOU,93,Sinker,103.8,31,364
NYY,SEA,80.2,Curveball,105,27,364
CIN,PHI,87.1,Slider,99.5,38,364
AZ,SF,82.6,Sweeper,100.7,27,364
TEX,ATH,93.9,4,100.9,35,364
SF,ATL,92.8,Cutter,99.4,46,364
COL,HOU,80.3,Changeup,97.7,29,364
TEX,ATH,83.8,Changeup,98.5,27,364
ATH,PIT,95.2,4,101.5,43,363
SEA,DET,95.4,4,107,18,363
DET,SEA,96.3,4,104.5,23,363
PHI,TEX,90.6,Sinker,109.3,23,363
MIL,NYM,92.6,Slider,94.5,31,363
HOU,LAA,82.4,Sweeper,97.8,37,363
SEA,TEX,96,4,102.2,23,363
SF,NYY,81.7,Curveball,94.5,25,363
MIA,CIN,93.9,4,98.3,30,363
BAL,DET,96,Sinker,99.4,25,363
MIL,COL,89.3,Changeup,100.4,25,363
MIL,COL,96.3,4,102.6,29,363
MIL,LAD,86,Slider,98.4,26,363
CHC,CIN,99.2,Sinker,101.8,30,363
NYM,MIL,91.3,Sinker,109.1,22,363
BOS,WSH,88.4,Slider,103.4,38,363
HOU,NYM,86.7,Slider,106.7,18,363
SF,CIN,93.5,4,104.7,22,363
SD,COL,81.7,Slider,96.4,26,363
TOR,SEA,87.3,Cutter,107.2,21,363
BOS,DET,97.3,Sinker,99.9,38,363
ATH,NYY,84.4,Slider,106.7,26,363
CHC,CIN,86.8,Slider,101.3,22,363
ATH,DET,95.9,Sinker,96.7,28,363
STL,CWS,95.9,4,96.3,33,363
SEA,CHC,99.4,4,97.9,41,363
TOR,AZ,94.9,Sinker,98.9,30,363
CLE,SD,85.3,Slider,99.7,40,363
PHI,NYY,85.3,Changeup,97.1,35,363
CIN,TB,93.8,Sinker,99.4,28,363
TEX,ATL,83.9,Slider,105.6,24,363
NYM,BOS,79.5,Curveball,102.7,36,363
CHC,MIA,84.7,Curveball,100.1,37,363
DET,HOU,93.9,4,103.7,38,363
CLE,MIN,90.5,Changeup,99.3,28,363
SEA,PHI,87.9,Slider,100.2,28,363
NYM,SEA,99,4,102.6,33,363
NYY,STL,94.9,Sinker,109.4,24,363
SEA,SD,93.5,4,101,34,363
KC,CHC,85.6,Knuckle Curve,106.1,20,363
TB,CWS,92.8,Sinker,106.5,28,363
PHI,LAD,91.2,Cutter,104.6,22,362
BOS,TB,91.4,Cutter,100.3,23,362
BOS,CLE,81.9,Slider,101,25,362
SD,SF,84.1,Sweeper,103,23,362
CLE,PIT,92,Sinker,99.3,34,362
BAL,PIT,96.8,4,105.3,29,362
CWS,HOU,83.7,Changeup,103.7,39,362
TEX,CLE,79.8,Curveball,94.2,28,362
NYY,ATH,96,4,102.5,26,362
BAL,TB,96.4,4,105,22,362
PHI,ATH,79.6,Changeup,96.3,36,362
TB,PHI,84.1,Changeup,103,22,362
ATH,SEA,89,Cutter,111.4,21,362
COL,HOU,96,Sinker,94.2,32,362
SD,SEA,94.4,4,101.7,41,362
AZ,WSH,95.3,Sinker,108.1,20,362
SEA,MIN,78.6,Curveball,106.9,28,362
DET,LAA,84.2,Sweeper,103.1,23,362
PHI,AZ,92.9,4,102.3,23,362
KC,TOR,83.3,Sweeper,107.2,23,362
MIA,NYY,94.6,Sinker,100.6,33,362
HOU,WSH,86.4,Changeup,99.2,39,362
TOR,KC,95.2,Sinker,115.7,19,362
TEX,NYY,88.3,Slider,96.1,27,362
CIN,NYY,89.7,Sinker,95.5,33,362
CIN,NYY,88.4,Sinker,99,30,362
SF,SD,81.4,Sweeper,101.3,33,362
BOS,NYM,84.8,Slider,103.8,28,362
MIN,CWS,85.4,Changeup,95.8,32,362
BAL,LAD,94.7,Cutter,95.6,31,362
SEA,NYY,83.5,Curveball,96.9,23,362
NYM,BAL,86.4,Split-Finger,94.2,30,362
CLE,HOU,81.5,Changeup,96,30,362
PHI,STL,90.8,Sinker,100.6,21,362
ATL,MIA,95,4,99.2,39,362
LAD,CLE,83.9,Cutter,104.5,39,362
PHI,KC,86.2,Slider,95.2,24,361
CLE,CWS,85.9,Changeup,97.7,27,361
NYM,MIL,92.8,4,102.8,42,361
CWS,SEA,97,4,96.4,31,361
BOS,CLE,82.4,Changeup,111.5,24,361
COL,KC,84.2,Changeup,96,33,361
NYY,SF,83.1,Sinker,95.7,35,361
CLE,CWS,93.6,4,98.3,24,361
NYY,KC,93.3,4,107.7,22,361
MIN,DET,88.5,Split-Finger,98.1,31,361
MIN,LAA,93.9,4,97.7,43,361
SEA,STL,86.6,Slider,98.1,27,361
DET,NYY,69.9,Sweeper,98.9,32,361
CHC,PHI,88.9,Cutter,102.9,43,361
PHI,LAA,86.2,Knuckle Curve,98.1,28,361
TEX,MIN,94.6,4,100.6,37,361
MIA,LAA,86.7,Changeup,98.2,36,361
CWS,TEX,83.9,Slider,107.7,40,361
NYM,MIL,95.7,Slider,103.1,42,361
CLE,CHC,90.1,4,100.2,37,361
WSH,DET,93.2,Sinker,105.2,22,361
SEA,KC,89.1,4,96.3,36,361
ATL,SF,85.1,Slider,104.6,26,361
CLE,HOU,93.7,4,99.4,35,361
TOR,TB,96.9,4,113.9,19,361
SF,ATL,85.2,Slider,98.7,32,361
SEA,SD,79.4,Sweeper,103.6,21,361
CWS,KC,93.9,4,97.9,32,361
LAD,CIN,90.5,Slider,95.6,26,361
HOU,SD,79.5,Sweeper,95.4,30,361
TEX,CIN,92,Sinker,101.5,37,361
MIA,NYY,94.4,4,94.9,29,361
AZ,CWS,81.8,Curveball,100.2,35,361
WSH,SD,83.4,Split-Finger,102,33,361
BAL,SEA,95.9,4,103.1,36,361
HOU,LAA,81.6,Slider,103,23,361
WSH,ATL,94.9,4,97.2,33,361
MIA,TEX,83.9,Curveball,103,20,361
AZ,SD,88.1,Slider,103.4,42,361
KC,WSH,93.1,4,98.6,22,361
AZ,TEX,83.7,Sweeper,98.7,38,361
CIN,CLE,82.7,Sweeper,102.1,26,361
MIL,TOR,85.5,Slider,100.1,35,361
MIA,NYM,65.6,Other,100.6,29,361
AZ,MIL,83,Sweeper,98.5,31,361
HOU,SEA,95.4,4,106.4,20,361
SEA,TB,85.6,Changeup,105.3,21,360
NYM,ATH,90,Cutter,107.5,23,360
TOR,HOU,92.5,4,102.4,39,360
MIL,CIN,91.9,4,97.3,29,360
NYM,WSH,93.7,4,101,40,360
NYY,TOR,81.7,Sweeper,99.6,23,360
SD,TOR,92,4,97.8,37,360
SEA,COL,91.2,4,105.6,20,360
NYY,TEX,94,4,101,23,360
LAD,CWS,92.2,4,102.6,26,360
TEX,BOS,83.3,Sweeper,98.7,31,360
CLE,LAA,85.5,Sinker,99.9,26,360
MIN,BOS,97.1,4,95.7,27,360
CLE,MIN,87.1,Split-Finger,101.1,26,360
CIN,TOR,99.2,Sinker,95.7,24,360
CIN,CHC,89.1,Slider,98.1,31,360
WSH,STL,76.4,Knuckle Curve,106.9,23,360
MIN,CHC,84.4,Sweeper,97.4,37,360
TOR,NYY,77.8,Sweeper,97.2,33,360
SD,MIN,85.6,Cutter,100.1,20,360
MIL,STL,86.9,Slider,93.3,33,359
DET,LAA,82.3,Curveball,107.3,24,359
SF,AZ,79.8,Knuckle Curve,99.1,29,359
BOS,BAL,88.5,Slider,103.1,41,359
CLE,PHI,83.3,Curveball,101.6,25,359
CHC,DET,78.6,Knuckle Curve,104.4,43,359
LAD,STL,85.7,Changeup,99.7,32,359
HOU,CIN,85.1,Cutter,103.1,22,359
PHI,ATL,76.8,Curveball,103.7,24,359
PHI,WSH,89.2,4,106.2,24,359
DET,TB,96.8,4,95.2,26,359
HOU,MIN,80.5,Slider,95.7,36,359
DET,CWS,85.1,Slider,104.6,26,359
CIN,MIL,96.6,4,102.2,26,359
SEA,TB,91.9,Cutter,104.6,38,359
HOU,TEX,94.9,4,100.7,28,359
TB,STL,84,Changeup,96.6,27,359
CLE,MIN,78.9,Sweeper,97.3,24,359
KC,PIT,86.9,Slider,97.3,27,359
COL,BOS,89.7,Slider,93.8,33,359
CWS,TB,96.6,4,105.7,24,359
CWS,SEA,87,Changeup,101.8,43,359
CLE,CWS,95.2,4,105.1,25,358
SD,BOS,81.7,Changeup,92.3,34,358
ATH,ATL,95.1,4,102.6,39,358
NYM,MIL,94.3,4,99.2,31,358
NYM,WSH,83.4,Slider,98.8,27,358
CWS,BOS,99.8,Sinker,106.6,22,358
TB,ATL,90.4,Sinker,100.2,40,358
PHI,NYM,77.3,Sweeper,101.9,24,358
CHC,HOU,86.9,Changeup,98,28,358
KC,ATH,83.4,Sweeper,100.6,29,358
MIN,PHI,89.9,Sinker,98.5,24,358
TB,BAL,95.8,Sinker,99.6,32,358
SEA,COL,91.3,Slider,103.2,34,358
ATL,LAA,97.4,4,92.2,32,358
KC,CWS,94.3,4,96.1,31,358
NYY,BOS,88.4,Slider,100.7,21,358
SEA,DET,91.5,Sinker,106.3,40,358
SEA,DET,84.7,Changeup,98.5,28,358
NYY,LAA,90.7,Changeup,98.7,38,358
MIL,PHI,80.7,Sweeper,98.5,27,358
NYY,PHI,97.3,4,103.4,20,358
MIN,ATL,94.3,4,96.6,35,358
DET,HOU,95.5,4,104,26,358
NYY,CLE,92.7,4,105.7,24,358
MIL,PHI,85.2,Changeup,95.3,24,358
DET,NYM,100,4,106.3,23,358
NYY,HOU,95.9,Sinker,99.8,33,358
CWS,ATL,81.2,Changeup,99.2,26,358
SF,SD,88.4,4,96.2,28,358
NYY,BAL,84,Sweeper,104.2,25,358
SD,AZ,92.4,4,100,33,358
TEX,LAA,78.9,Changeup,98.1,29,358
PHI,CIN,92.8,Sinker,101.4,32,358
CHC,TOR,83,Split-Finger,101.4,24,358
SD,SF,86.2,Slider,96.2,35,358
HOU,BOS,94,4,103.7,24,358
AZ,MIL,88,Slider,98.6,28,358
BAL,TB,93.8,4,100.7,49,357
TOR,TB,79.7,Sweeper,101,31,357
MIL,NYM,92.3,Cutter,98.8,25,357
TEX,HOU,96.6,4,93,29,357
ATH,BOS,95.3,4,103.4,33,357
CIN,SD,98.8,Sinker,105.5,27,357
ATH,SD,91.3,4,94.8,34,357
LAD,PHI,94,Sinker,96.4,35,357
BOS,TOR,72.2,Curveball,94.1,31,357
SEA,LAD,80.1,Slider,101.1,26,357
TOR,SF,82.9,Slider,96.8,38,357
TB,PHI,95,Sinker,99.7,27,357
MIA,MIN,85.8,Slider,95.8,36,357
ATH,SEA,94.1,4,93.7,31,357
CWS,SEA,97.6,4,100.6,26,357
NYY,WSH,93.7,4,102.8,41,357
CLE,LAA,85.6,Sinker,92.1,34,357
BAL,NYY,82.9,Sweeper,98,30,357
CWS,AZ,84.1,Slider,101.7,27,357
DET,CWS,87.5,Cutter,99.8,36,357
SD,CLE,86.7,Slider,95.6,29,357
MIL,CIN,90.4,Split-Finger,103.8,20,357
NYM,ATL,89.9,Cutter,98.5,33,357
HOU,NYY,95.6,4,100.2,26,357
TB,NYY,94.8,4,93.4,29,357
TEX,HOU,96.3,Sinker,101.2,37,357
SEA,SD,93.8,4,100.3,33,357
SF,ATL,84.7,Slider,92.5,33,357
NYM,MIA,91,4,107.2,24,357
WSH,COL,95,Sinker,101.2,38,356
MIN,AZ,91.1,Slider,92.9,36,356
CHC,TB,95.5,Sinker,100,35,356
PIT,MIL,91.6,Sinker,98.8,34,356
DET,SEA,86.8,Split-Finger,103.4,23,356
TB,SEA,94.5,4,105.2,43,356
NYY,TOR,93,4,103.6,31,356
SD,CHC,92.1,4,96.5,37,356
HOU,TOR,73,Curveball,95.4,36,356
TB,CWS,88.7,Slider,101.9,29,356
LAA,TB,89.2,Slider,101.8,22,356
TEX,MIN,82.7,Changeup,102.6,22,356
PIT,NYM,95.1,4,99,31,356
ATH,NYY,92,Cutter,98.7,40,356
MIL,PIT,94.9,4,101.4,42,356
NYY,NYM,94.3,Sinker,97.6,33,356
HOU,SF,92.9,Sinker,105.4,20,356
CHC,ATH,89.3,4,102.4,24,356
BOS,DET,82.7,Slider,102.7,37,356
NYY,BOS,77.8,Knuckle Curve,106.3,22,356
TB,DET,87.3,Sinker,106.9,23,356
SEA,MIN,92.5,Cutter,102.9,26,356
NYY,NYM,97.1,4,102.3,36,356
CWS,PHI,83.7,Sweeper,104.3,21,356
CIN,ATL,88.4,Cutter,102.1,27,356
TOR,BOS,96.3,Sinker,99.4,29,356
LAD,PHI,79,Knuckle Curve,100.4,25,356
CHC,TOR,91.5,4,101.4,44,356
CLE,CIN,78,Curveball,97.1,36,356
BAL,CLE,82.5,Slider,96.5,28,356
CLE,SEA,86,Slider,109.2,24,356
TB,MIN,84.1,Sweeper,98.9,30,356
LAA,BAL,93.1,4,97,32,355
MIN,NYY,92.4,4,96.1,28,355
CLE,CWS,89.3,Slider,102.4,21,355
SEA,MIA,87.1,Cutter,98.1,26,355
TB,BOS,79.6,Curveball,96.2,25,355
BAL,NYY,95.5,4,103.7,41,355
MIA,NYM,86.1,Slider,102.1,38,355
TB,HOU,80.3,Sweeper,101.3,39,355
DET,AZ,77.2,Sweeper,96.5,29,355
WSH,PHI,88.5,Sweeper,101.1,39,355
MIN,CWS,86,Slider,98.1,26,355
CLE,BOS,97.2,4,98.6,24,355
MIL,TOR,90.3,4,97.9,38,355
TOR,PIT,87.7,Slider,92.7,40,355
PHI,SEA,94.2,Sinker,108.2,22,355
CLE,HOU,86,Sweeper,101.6,40,355
MIA,DET,98.5,Sinker,100.1,28,354
DET,LAA,89.3,Changeup,103.2,36,354
ATH,WSH,77.4,Sweeper,97,27,354
COL,CIN,88.6,Cutter,102.6,42,354
TOR,BOS,99.5,4,94.6,33,354
WSH,CWS,94.4,Sinker,97.7,36,354
CLE,WSH,94.7,4,94.2,32,354
CIN,SF,96,Sinker,103.6,25,354
TB,MIA,90.2,4,100.4,34,354
CIN,HOU,87.5,Changeup,102,23,354
LAA,SD,96.3,4,103.8,40,354
NYY,ATH,81.8,Sweeper,104.1,22,354
WSH,ATH,82.5,Slider,95,29,354
MIA,MIL,93.8,Sinker,99.8,35,354
PHI,SF,87.8,Slider,106.2,45,354
BAL,TEX,92,Cutter,98.7,34,354
NYY,AZ,91.3,4,95.7,35,354
CWS,MIN,93.8,4,96.2,39,354
SF,SD,89.4,4,93.7,34,354
CIN,MIA,85.7,Slider,96.4,31,354
CWS,NYM,93.7,4,105.2,44,354
SD,LAD,96.2,4,99.9,35,353
HOU,LAA,87.7,4,96.6,34,353
BOS,NYY,96.8,Sinker,102,21,353
DET,BOS,94.6,Sinker,99.8,33,353
LAD,CIN,82,Sweeper,101,22,353
DET,PIT,94.4,4,93.3,30,353
BOS,CWS,76.8,Curveball,108.7,27,353
PIT,SD,75.8,Changeup,94.7,35,353
MIN,SEA,95.7,4,102.3,42,353
NYM,DET,92.7,4,103,26,353
ATH,LAA,96.9,Sinker,99.5,34,353
BAL,HOU,90.7,Changeup,103.5,22,353
CWS,KC,83,Sweeper,98.3,29,353
TEX,HOU,79.8,Changeup,99,38,352
TEX,PHI,89.4,Cutter,95.1,39,352
ATL,ATH,92,4,97.1,37,352
BOS,TB,96.2,4,99.3,39,352
MIA,ATL,89.4,Sinker,92.4,28,352
LAA,TB,92.3,Sinker,99,29,352
LAA,HOU,91,Sinker,100.3,28,352
CWS,ATH,80,Changeup,99.1,29,352
SD,DET,78.4,Knuckle Curve,94.8,25,352
LAD,PHI,94.7,Sinker,100.4,34,352
PHI,NYM,84.8,Sweeper,106.5,41,352
CWS,HOU,84.6,Slider,104.9,20,352
PHI,MIA,84,Cutter,101.6,22,352
ATL,NYY,92.1,4,93.1,33,352
SF,AZ,78.9,Curveball,101.2,22,352
BAL,TB,89.6,Sinker,107,19,352
SD,HOU,92.8,4,95,38,352
HOU,TEX,90,Changeup,96.8,30,352
SEA,CWS,83.4,Changeup,100.3,25,352
WSH,MIL,90.3,Sinker,107.2,42,352
SF,BOS,92.3,4,111.6,21,352
SF,BOS,82.1,Changeup,104.5,26,352
KC,TEX,84.3,Slider,96.5,24,352
AZ,SD,95.7,4,104.6,23,352
CWS,TB,97.5,4,97.6,25,352
SD,ATL,93.8,4,100.9,25,352
BOS,ATH,83.4,Sweeper,100.6,37,351
SEA,TEX,86,Split-Finger,99.2,29,351
SF,AZ,93.2,4,103.2,38,351
CHC,HOU,87.3,Changeup,93.5,31,351
LAA,WSH,81.7,Slider,93.6,33,351
TB,COL,97.4,4,108.1,22,351
CIN,AZ,92.4,4,95,30,351
KC,BOS,84.3,Slider,96,30,351
CIN,MIN,88,Cutter,98.5,24,351
SD,KC,96.9,4,102.4,24,351
TB,HOU,97.2,Sinker,104.5,22,351
CWS,PHI,85.7,Changeup,99.7,39,351
NYM,MIN,83.8,Changeup,98.7,37,351
SEA,HOU,78.7,Changeup,107.6,27,351
CHC,CIN,77.8,Sweeper,101.1,24,351
DET,SF,92.2,Sinker,100.5,25,351
MIN,CIN,92.8,4,99.9,33,350
BOS,HOU,80.8,Sweeper,95.5,35,350
CIN,BOS,89.1,Cutter,101.6,44,350
CHC,CIN,86.9,Slider,106.3,43,350
SF,HOU,85.3,Slider,94.7,35,350
LAA,SD,72.3,Sweeper,95.8,37,350
LAD,WSH,94.3,4,99.5,29,350
DET,TB,89,Slider,105.6,21,350
TB,HOU,91.4,4,107.8,19,350
BAL,COL,95,4,95.8,38,350
SEA,CIN,79.8,Sweeper,104,39,350
NYY,TB,98.6,4,96.7,39,350
CIN,LAD,87.4,Slider,97.2,26,350
DET,HOU,81.8,Sweeper,98.9,40,350
HOU,DET,81.4,Sweeper,102.9,23,350
SD,SF,85.5,Slider,106.8,20,350
WSH,CHC,92.2,4,97.3,28,350
NYM,MIA,62.4,Other,99.3,40,350
ATL,MIA,85.3,Changeup,103.2,21,350
MIL,TOR,84.6,Slider,91.9,30,350
AZ,TEX,93.5,4,101.3,34,349
SEA,TB,91.8,Slider,113.4,18,349
LAA,TB,85.6,Slider,98.2,34,349
PHI,WSH,84.7,Cutter,101.6,23,349
NYY,MIL,88.5,Cutter,91.8,31,349
BOS,NYY,95.8,4,99,38,349
LAD,SD,86.1,Changeup,97.9,34,349
LAA,SEA,79.9,Slider,104.4,22,349
KC,STL,94.8,Sinker,100.3,25,349
TEX,CLE,94.6,4,93.9,36,349
SEA,NYY,96.4,Sinker,98.8,31,349
DET,TOR,80,Split-Finger,98.9,42,349
AZ,MIA,89.8,Changeup,96.8,37,348
MIN,TOR,90.8,4,96.4,40,348
AZ,SEA,94.4,Sinker,96.4,35,348
NYY,MIL,93.4,4,103.7,23,348
CLE,MIL,91.9,Sinker,95.1,27,348
MIL,TB,91.5,Cutter,99.3,32,348
CLE,LAA,80.8,Sweeper,95.3,32,348
WSH,HOU,92.8,4,103.7,38,348
PIT,NYY,82.6,Slider,96.6,25,348
SEA,DET,87.4,Slider,99,31,348
SEA,ATL,85.8,Changeup,94.2,27,348
NYY,TB,88.1,Cutter,101.6,38,348
SEA,CLE,83.1,Changeup,101.7,30,348
HOU,ATH,79,Sweeper,94.8,29,348
TB,SEA,94.9,Sinker,101,33,347
CLE,CWS,87,Slider,96.5,31,347
TEX,HOU,96.1,Sinker,98.2,40,347
PIT,CIN,81.5,Slider,95.5,29,347
MIN,CWS,96.5,4,91.6,36,347
SEA,SF,95.1,Sinker,97.6,28,347
HOU,CHC,85.7,Cutter,103.1,44,347
HOU,SEA,94.5,Sinker,94.4,38,347
ATH,CLE,93.6,4,95.8,31,347
WSH,CWS,92.5,4,98.5,36,347
TB,PHI,95.8,Sinker,98,30,347
NYY,BAL,96.3,4,101.3,22,347
CWS,BAL,86.8,Slider,96.4,30,347
NYY,PHI,84.1,Slider,92.1,37,347
ATH,MIA,77.5,Curveball,94.3,33,347
ATL,DET,83.6,Slider,97,37,347
MIA,WSH,90.4,Cutter,100.6,39,346
PIT,ATL,85.2,Slider,101.6,34,346
NYY,MIL,87.1,Cutter,109.1,22,346
NYY,BOS,89.7,Sinker,100.9,38,346
ATH,HOU,91.6,4,95.8,29,346
TB,HOU,87.1,Changeup,100.4,47,346
BOS,TOR,92,4,101.8,38,346
CHC,CIN,91.9,4,97.1,39,346
TB,ATH,88.2,Slider,103.5,47,346
CLE,MIA,93.2,Cutter,97.9,24,346
HOU,COL,94.6,4,91.6,31,346
MIN,HOU,94.2,Cutter,96.5,30,345
SEA,HOU,92.1,4,94.7,36,345
ATH,NYY,95.2,4,93.8,36,345
MIN,SEA,94.3,4,100.8,34,345
LAA,CLE,82.3,Sweeper,110.6,23,345
ATL,PHI,88.4,Split-Finger,94.9,37,345
ATL,TOR,91.9,Split-Finger,95.1,32,345
BAL,CIN,91.6,4,93.3,27,345
CLE,TOR,85.7,Cutter,101.5,42,345
SF,MIA,97.5,4,100.3,26,345
DET,CWS,80.6,Sweeper,102.9,26,345
AZ,NYY,89,Sinker,96.1,30,345
NYY,TB,91.2,Cutter,91.8,32,345
NYY,SEA,82.3,Sweeper,97.9,36,345
CWS,TEX,85.6,Cutter,98.3,35,345
NYY,TB,95.4,Sinker,97.8,28,344
SD,MIL,91.3,Cutter,98.2,34,344
CHC,HOU,83.1,Slider,105.8,24,344
SEA,PIT,78.9,Curveball,100.3,29,344
SF,CIN,98.7,4,101.2,37,344
CHC,ATH,93.3,Cutter,98.5,31,344
SEA,NYY,91,Cutter,92.7,27,344
CWS,TB,96.8,4,99.5,24,344
HOU,TEX,98.4,4,98.6,28,343
LAD,LAA,82.5,Sweeper,94.4,35,343
TEX,SEA,94.6,4,101,30,343
SF,MIL,78.9,Changeup,96.2,38,343
CIN,SD,71.3,Curveball,96.1,26,343
NYY,BOS,91.4,Cutter,95.7,26,343
NYY,BAL,78.3,Curveball,97.9,24,343
NYM,ATL,93.9,4,98.8,44,343
NYY,TB,96.9,4,105.3,46,343
PHI,ATH,71.9,Curveball,91.8,27,343
LAD,TOR,94.3,Sinker,96.8,31,342
ATL,TB,89.3,Cutter,105.5,24,342
HOU,MIN,81.3,Slider,94.4,41,342
NYM,WSH,95.7,4,92.9,31,342
PHI,TB,91.2,Cutter,97.2,26,342
CLE,HOU,86.6,Changeup,97.8,24,342
ATL,SD,89.4,Slider,108.4,23,342
NYY,MIL,82.8,Slider,99.6,27,342
LAD,CIN,95.1,Sinker,94.1,36,342
TB,BAL,96,Sinker,96,44,341
ATH,NYM,87.5,Changeup,103.9,21,341
NYY,SD,96.3,4,102,30,341
HOU,LAD,96.2,4,99,29,341
ATH,CHC,83.7,Knuckle Curve,100.2,24,341
TB,LAD,95.1,4,92.2,31,341
TEX,BOS,95.2,4,97.9,35,341
CHC,PIT,82,Sweeper,99.6,24,341
TEX,TB,88.2,Changeup,92.8,32,341
BOS,MIA,80.8,Curveball,95.5,37,341
WSH,SF,89.3,Slider,107.6,27,340
HOU,ATH,79.4,Changeup,95.3,33,340
ATH,CHC,83.2,Slider,98,32,340
PHI,SEA,86.9,Slider,100.3,40,340
HOU,SEA,98.4,Sinker,99.3,43,340
HOU,MIN,94.1,4,99,30,339
HOU,TEX,95.7,4,100.9,23,339
LAA,HOU,79.9,Cutter,105.4,25,339
ATL,CLE,86.5,Slider,91.9,35,339
SD,MIA,86.7,Sweeper,97.8,26,339
KC,SEA,96.1,Sinker,93.3,36,338
NYM,STL,90.4,4,100.1,39,338
HOU,TB,98.9,Sinker,95.3,33,338
SD,SF,76.5,Curveball,88.9,28,338
SEA,NYM,88.9,Split-Finger,94.8,34,338
BOS,HOU,93.3,4,96.5,32,338
BOS,TOR,89.8,4,96.5,30,337
BAL,NYY,96.4,4,98.1,35,337
NYY,AZ,96.4,4,94,38,337
SEA,BAL,88.4,Cutter,99.9,42,337
BAL,SEA,87.5,Slider,103.5,25,337
TEX,TOR,81.2,Changeup,94.9,45,336
CWS,TB,97.8,4,96.7,29,336
BOS,TB,92.5,4,105.8,20,335
NYY,HOU,90.7,Sinker,93.4,30,335
TB,BAL,78.5,Curveball,97.9,43,334
BOS,SEA,95.6,4,97.7,26,334
MIL,TB,95.8,4,96.2,25,334
SEA,TB,95.1,Sinker,98.6,39,334
CLE,HOU,96.3,Sinker,97.2,40,334
NYY,WSH,95.2,4,92.8,32,334
NYY,NYM,94.8,4,98.4,30,333
HOU,COL,91.1,4,93.5,38,333
CLE,BAL,95.5,4,96.7,28,332
TB,BOS,93.5,Cutter,98.5,34,331
MIL,NYY,88.6,Cutter,108.7,21,331
TB,CWS,94.1,Sinker,100.2,28,331
CLE,CIN,92.6,Sinker,94.4,42,330
TB,HOU,91.1,Sinker,90.9,36,330
KC,TB,97.6,4,100.5,25,330
BAL,HOU,93.2,4,94.5,40,330
HOU,ATH,79.1,Curveball,90.6,35,330
TB,TOR,88,Slider,96.3,39,329
HOU,CHC,84.6,Sweeper,98,43,328
TB,TEX,91.7,4,88.9,37,328
TB,LAA,95.3,4,95.1,39,327
TB,LAA,85.3,Changeup,97.8,45,327
NYY,TEX,85.2,Slider,99.8,36,326
TB,LAD,94.9,4,92.9,25,326
NYY,TB,91.1,Cutter,90.5,36,322
ATL,CIN,92.6,Sinker,95.5,26,321
LAA,TB,90.8,Sinker,97.7,33,320
BOS,NYY,96.3,4,91.2,31,316
BOS,LAA,86.9,Changeup,94,31,308
BOS,CLE,80.7,Slider,94.5,42,306